shop_name,shop_star,shop_comment,shop_price,shop_region,shop_category
津门八大碗,4.5,1011,63,小白楼,天津菜
陆壹捌餐厅(五大道店),4.7,5459,134,五大道,天津菜
乾宫精致私房菜(五大道店),4.8,2457,93,五大道,私房菜
南洋餐室(开封道店),4.8,4284,58,小白楼,南洋中菜
清鲜境意创意菜(南京路店),4.9,660,99,海光寺/六里台,创意菜
云杉·木槿(五大道店),4.9,4645,131,五大道,西餐
老酥匠·天津民间菜·烤肘子(安徽路店),4.7,2378,77,小白楼,天津菜
肘子酥(同安道店),4.4,814,61,西康路沿线,天津菜
泰钰丰烤鸭(金融街店),4.9,3550,109,海光寺/六里台,天津菜
徽菜名门(南市店),4.3,89,98,南市,徽菜
侘寂国宴私房菜,4.9,581,1307,和平路,私房菜
乾园(天河城店),4.7,11138,86,和平路,苏浙菜
那家·油麻菜馆(海光寺店),4.8,446,96,海光寺/六里台,广州菜
上海年代(湖北路店),4.6,4081,96,小白楼,上海本帮菜
金牌餐厅(营口道店),4.5,4130,67,滨江道,天津菜
九河香舍·民国文人菜(五大道店),4.8,4639,134,五大道,天津菜
遇见芸台(先农大院店),4.8,3117,127,五大道,私房菜
锦楼 Seafood&Bar(五大道店),4.8,2211,162,五大道,创意菜
郝奕博狮子头(南市店),4.8,950,62,南市,天津菜
娜娜家·nana's restaurant(和平伊势丹店),4.9,8630,110,滨江道,西餐
青年公社(国贸店),4.9,2598,95,小白楼,烤鸭
19号私房菜(云南路店),4.5,2348,78,五大道,私房菜
汉巴味德(乐宾店),4.8,10045,92,滨江道,自助餐
大來食堂·新派津菜,4.6,264,88,西康路沿线,天津菜
六小馆·潮味酒馆(五大道店),4.8,1707,78,五大道,创意菜
俄士厨房(天河城店),4.9,5161,116,和平路,西餐
山河屯铁锅炖(万德庄店),4.3,205,84,海光寺/六里台,东北菜
南京大牌档(小白楼国贸店),4.8,14884,67,小白楼,淮扬菜
晚酌·惜竹境,4.6,193,84,和平路,创意菜
老廣味道·正味粤菜,4.6,388,107,南市,广州菜
乡悦天下(海光寺店),4.9,3889,109,海光寺/六里台,湘菜
昱德来酒楼(南市店),4.4,4348,78,南市,天津菜
先启半步颠小酒馆(滨江道店),4.8,513,79,滨江道,川菜馆
津门羊大爷·铜锅涮肉(昆明路店),4.7,1833,86,西康路沿线,老北京火锅
兰亭轩,4.5,617,136,海光寺/六里台,天津菜
八一三鸭子楼(和平店),4.0,1312,65,西康路沿线,天津菜
乾园(世纪都会店),4.8,8970,82,滨江道,苏浙菜
2020清真菜,4.8,332,59,海光寺/六里台,特色菜
天津第一饭店·口口福酒楼,4.4,335,76,小白楼,天津菜
郝炉烤鸭(南市店),4.7,1219,103,南市,烤鸭
贰楼小院(劲松里店),4.8,5611,118,滨江道,私房菜
La Rossa花·蒔(天河城店),4.9,563,132,和平路,西餐
六小馆·老味酒馆(四平东道店),4.8,1653,79,滨江道,私房菜
九寸钉·灼自助烤肉黑金概念店(和平大悦城店),4.6,2882,87,滨江道,自助餐
Nico in 融瑭(五大道店),4.8,3696,106,五大道,西餐
那家·油麻菜馆(先农大院店),4.8,4510,107,五大道,私房菜
清真·西域榻榻幂(和平印店),4.7,1317,90,海光寺/六里台,新疆菜
蜗小牛餐厅(荣安大街店),4.9,1094,103,南市,牛排
川国演义,4.8,4545,106,海光寺/六里台,川菜馆
梨花自助烤肉(天河城店),4.6,15907,75,和平路,自助餐
鲸岚·烧肉夜食(岳阳道店),4.9,6106,146,五大道,融合烤肉
金掌勺·锅包肉(天河城店),4.7,5032,82,和平路,东北菜
搂财妈妈手东北融小馆(和平店),4.6,679,70,西康路沿线,东北菜
宝轩渔府·鱼头泡饼(食品街店),4.7,3255,108,南市,天津菜
原始部落烧烤·夜宵(万德庄店),4.9,4612,87,海光寺/六里台,烤串
莱檬餐厅lemon kitchen restaurants,4.6,396,34,西康路沿线,特色菜
接头暗号(小白楼店),4.7,2022,71,小白楼,川菜馆
晚酌(天河城旗舰店),4.7,3436,108,和平路,浙菜
山上下居酒屋(世纪都会店),4.9,5215,133,滨江道,日本料理
董堂小厨(万德庄店),4.6,2094,62,海光寺/六里台,东北菜
湘西人家(南京路店),4.5,279,72,海光寺/六里台,湘菜
海之然日料海鲜自助,4.5,5777,127,和平路,自助餐
陈傻子餐厅(世纪都会店),4.7,7560,69,滨江道,天津菜
俄士厨房(和平大悦城店),4.9,1220,109,滨江道,西餐
吉祥至味·烤鸭创意菜(马场道店),4.8,7398,132,五大道,创意菜
大吉利·潮汕牛肉火锅 和平店,4.9,9587,94,滨江道,潮汕牛肉火锅
六顺福记茶楼(和平店),4.8,3310,91,五大道,茶餐厅
耳朵眼会馆(五大道店),4.8,720,307,五大道,天津菜
鲸岚·烧肉夜食南市店,4.9,1838,139,南市,融合烤肉
城里城外,4.6,303,69,南市,天津菜
将太无二(国贸购物中心餐厅),4.9,4551,140,小白楼,日本料理
熊见见噜噜煲,4.8,277,103,五大道,川菜馆
六顺福记茶楼(海信广场店),4.6,952,97,小白楼,茶餐厅
梨花牛肉汤(国贸店),4.5,295,40,小白楼,快餐简餐
三名草屋·苏面(浙江路店),4.6,198,142,小白楼,面馆
適園 宫廷菜,4.0,53,189,五大道,私房菜
村上一屋·日料寿司(天河城店),4.9,859,95,和平路,日本料理
南京大牌档(南京路世纪都会店),4.8,8772,66,滨江道,淮扬菜
117花园别墅,4.8,2032,362,五大道,上海本帮菜
南京大牌档(恒隆广场店),4.8,12310,69,和平路,淮扬菜
七爺想點就點(国贸购物中心店),4.8,3940,79,小白楼,茶餐厅
将太无二(环球金融中心餐厅),4.8,12136,168,和平路,日本料理
昱德来酒楼(和平店),4.4,3980,64,鞍山道沿线,天津菜
二番煮的客厅,4.9,1703,167,滨江道,日本料理
惊天日料·大福食堂,4.8,234,92,五大道,日本料理
鼎泰丰(恒隆广场店),4.8,5320,157,和平路,淮扬菜
旮旯海鲜和平店,4.6,752,119,和平路,海鲜
八号码头蒸汽海鲜(五大道店),4.8,2090,168,五大道,海鲜
外婆家(恒隆广场店),4.6,14227,67,和平路,浙菜
远成美悦大酒楼,4.3,427,132,海光寺/六里台,天津菜
鸿运打边炉,4.8,1293,164,五大道,打边炉/港式火锅
绿茶餐厅(天津天河城店),4.7,6265,75,和平路,浙菜
晚酌小酒馆(五大道店),4.8,1136,148,五大道,创意菜
点卯fire • 宅门一口酥烤鸭(五大道店),4.8,2130,137,五大道,烤鸭
大吉利·潮汕牛肉火锅(南开总店),4.9,15753,94,海光寺/六里台,潮汕牛肉火锅
门口小院大鱼泡饼特色狮子头家常菜,4.0,19,52,海光寺/六里台,天津菜
香炖八方·妈妈菜(和平店),4.1,422,64,西康路沿线,天津菜
La Fleur用心(和平店),4.9,8349,185,五大道,西餐
新疆阿里餐厅,4.5,2791,59,西康路沿线,新疆菜
人民公社大食堂(大悦城店),4.2,394,85,南市,东北菜
宝月楼台湾菜馆·海鲜家宴(成都道店),4.8,5343,161,五大道,海鲜
青年餐厅(津湾店),4.5,14519,95,和平路,烤鸭
海底捞火锅(华清店),4.9,2988,95,滨江道,四川火锅
肘子酥(哈密道店),4.7,1851,62,和平路,天津菜
铁真红焖羊肉 无分店,4.7,6799,33,西康路沿线,牛羊肉火锅
假装苏杭·桂雨山房(恒隆广场店),4.5,2938,119,和平路,苏浙菜
大悦屋(五大道店),4.7,412,108,五大道,日本料理
七味活牛蛙·干锅牛蛙旗舰店,4.9,1692,91,五大道,川菜馆
唐潮壹品(天津店),4.7,1743,343,小白楼,海鲜
通海俄式烧烤(和平滨江道店),4.9,1694,79,滨江道,烤串
金叉子印度餐厅,4.4,1509,116,西康路沿线,东南亚菜
回奶奶清真菜(五大道店),4.6,886,80,五大道,天津菜
德粤楼·猪肚鸡(滨江道店),4.7,697,102,滨江道,顺德菜
简坐(潼关道店),4.7,11119,89,滨江道,上海本帮菜
莎莎salsa·中国潮·酥皮烤鸭(旗舰店),4.9,3474,78,五大道,特色菜
膳堂琨小館(小白楼店),4.8,947,112,小白楼,烤串
宝月楼·台湾菜馆(天河城店),4.7,6544,81,和平路,台湾菜
炙上烤肉,4.8,820,71,和平路,融合烤肉
利丰源烤羊腿(万德庄店),4.5,2055,123,海光寺/六里台,烤羊腿
MAXIM’S马克西姆法餐厅(五大道店),4.8,2953,703,五大道,西餐
闸物志·弄堂里的味道,4.7,2514,100,和平路,创意菜
蟹黄面·三名草屋(河北路店),4.8,1960,196,滨江道,面馆
真悦居酒屋·炭火烤肉店,4.8,1693,130,大悦城,融合烤肉
盛江山自助烤肉,4.2,659,70,滨江道,烧烤烤串
暗号照旧海鲜麻小,4.9,760,120,西康路沿线,小龙虾
泰赞(和平大悦城店),4.7,8419,97,滨江道,东南亚菜
十五號大排档·打边炉(和平店),4.4,403,85,西康路沿线,粤菜馆
遇·四季椰子鸡(和平大悦城店),4.8,1051,97,五大道,火锅
红烟囱BBQ炭火烤肉(南市店),4.9,1964,86,南市,韩式烤肉
永元德传统铜火锅(长沙路店),4.2,42,67,五大道,老北京火锅
隐舍,4.0,98,80,五大道,川菜馆
胖哥俩肉蟹煲(天河城店),4.8,3664,84,和平路,肉蟹煲
徽湘印巷(五大道店),4.8,1259,104,五大道,徽菜
爱家味冰煮羊·蒙古羊排(万德庄店),4.9,1800,96,海光寺/六里台,烤串
久屋·奥庭,4.9,831,444,五大道,日本料理
九寸钉自助炭火烤肉·幻影旗舰店(恒隆店),4.7,8945,79,和平路,自助餐
纯粤(恒隆广场店),4.8,3545,109,和平路,粤菜馆
清真·古丽花儿·新疆美食(河南路店),4.9,4483,72,滨江道,新疆菜
三代烤肉(南开大悦城店),4.7,3777,123,南市,韩式烤肉
祖母的魔法厨房(天河城店),4.7,4359,78,和平路,西餐
必点海鲜·鲅鱼水饺(滨江道店),4.9,4505,170,和平路,海鲜
炉炉香饮食店(南市店),4.4,3964,15,南市,津味小吃
布拉格餐厅(民园店),4.4,2803,135,五大道,西餐
四季百味(和平店),4.7,201,145,五大道,天津菜
1981时尚西餐厅(西开教堂店),4.8,3858,143,滨江道,西餐
疆莱新疆餐厅(卫津路店),4.8,1317,65,南开大学/八里台,新疆菜
半天妖烤鱼(乐宾百货店),4.9,5615,81,滨江道,烤鱼
益尚鲜火锅鸡(万德庄直营店),4.7,772,52,海光寺/六里台,本地鸡窝火锅
饺子就酒,4.2,323,59,西康路沿线,其他中餐
清真古丽花儿·新疆风情(滨江道店),4.8,1585,72,和平路,新疆菜
三个渔夫•蒸汽海鲜(万德庄店),4.9,3482,193,海光寺/六里台,海鲜
盛辛巴·东北炭火烤肉(万德庄店),4.9,599,73,海光寺/六里台,融合烤肉
利丰源烤羊腿(小白楼店),4.4,87,86,小白楼,烤羊腿
这些年羊腿汤·烧烤(曲阜道店),4.8,3007,58,小白楼,烧烤烤串
晚酌翁草居.食·茶·酒(岳阳道店),4.9,1337,140,五大道,私房菜
晋乡居(南京路店),4.4,1047,52,小白楼,山西菜
和平十九号家宴,4.6,420,58,五大道,天津菜
铁真老姑红焖羊肉·刨冰王(总店),4.7,2193,50,南市,牛羊肉火锅
徽菜名门(五大道店),4.5,681,139,五大道,徽菜
桥头堡·坤德餐厅(和平店),4.6,662,70,五大道,天津菜
雀舞云南菜(天津天河城购物中心店),4.8,6682,82,和平路,云南菜|滇菜
鹅城粤菜馆(万德庄店),4.4,539,99,海光寺/六里台,顺德菜
小伦敦(五大道店),4.6,1875,105,五大道,西餐
只此一家纸上烤肉(总店),4.9,1905,96,海光寺/六里台,融合烤肉
贰楼烤肉(卫津路店),4.8,1625,101,南开大学/八里台,融合烤肉
度小月(恒隆广场店),4.5,16711,78,和平路,台湾菜
lasemana拉斯曼娜西班牙餐厅,4.8,1297,158,南市,西餐
津遇喜记·茶餐厅(新兴路店),4.3,97,49,鞍山道沿线,粤菜馆
川江渔翁(万德庄大街店),4.6,212,57,海光寺/六里台,川菜馆
吉祥毡房呼伦贝尔鲜羊火锅涮肉,4.8,1095,102,海光寺/六里台,牛羊肉火锅
薇马克印度餐厅 Vimarkitchen,4.6,4418,72,海光寺/六里台,东南亚菜
湊湊火锅·茶憩(和平大悦城店),4.8,3747,144,五大道,火锅
地狱厨房·日式居酒屋(和平总店),4.1,528,55,五大道,日本料理
廣東顺德菜(海信店),4.4,3758,77,小白楼,顺德菜
电台巷火锅(天津旗舰店),4.9,8364,125,南市,重庆火锅
郭靖烤全羊总店·烧烤·融合菜(天津小白楼店),4.8,1164,143,小白楼,内蒙菜
SeeHer西舍法餐厅,4.3,28,218,小白楼,西餐
西域楼兰·新疆餐厅(南开店),4.6,555,61,海光寺/六里台,新疆菜
真悦居酒屋(大悦城总店),4.8,4052,123,大悦城,日本料理
爱合牛-炭火烧肉·酒場·寿喜烧(大悦城店),4.4,1326,122,大悦城,日式烧烤/烤肉
安东鸡(南开大悦城店),4.7,3005,88,南市,韩国料理
姜虎东白丁韩国烤肉(米莱欧百货店),4.8,10934,127,滨江道,韩式烤肉
鱼酷PRO(南市大悦城南区店),4.9,1246,94,南市,烤鱼
肥记红焖羊肉(原广东路店),4.1,105,102,小白楼,牛羊肉火锅
知酒浓·老房酒馆(新华路店),4.8,191,79,滨江道,私房菜
哇啦哇啦 Wala Wala小白楼,4.7,3368,62,小白楼,韩国料理
老街称盘麻辣烫(天津总店),4.3,1096,64,海光寺/六里台,重庆火锅
哞哞碳烤羊腿(和平新兴路店),4.7,174,98,鞍山道沿线,烤羊腿
Akalaka啊咔啦咔韩国料理(吉利大厦店),4.8,5987,70,滨江道,韩国料理
盛和道铁板烧·日式放题,4.5,1589,321,海光寺/六里台,日式自助
四喜路螺蛳粉,4.4,152,26,小白楼,小吃快餐
雲山料理(成都道店),4.8,2183,157,五大道,日本料理
观宴·海鲜美学主题自助餐厅,4.5,7758,448,小白楼,自助餐
德顺延边烤肉·宵夜(和平店),4.3,367,60,南市,韩式烤肉
木屋烧烤(海光寺店),4.7,6569,85,鞍山道沿线,烤串
羊老赞火锅(云南路店),4.3,161,76,西康路沿线,牛羊肉火锅
大厨小串鸽子大王(万德庄店),4.0,76,58,海光寺/六里台,烤串
瑶·日式烧食,4.6,139,120,小白楼,日式烧烤/烤肉
倍儿硬可脆皮烤肉,4.7,315,35,滨江道,炙子烤肉
沧海書院·境界素食,4.8,73,228,海光寺/六里台,素食
北李妈妈菜(和平大悦城店),4.8,5171,77,滨江道,东北菜
1981时尚西餐厅(海信店),4.8,1430,199,小白楼,西餐
陈家屯火锅鸡(万德庄网红店),4.6,988,78,海光寺/六里台,炭火锅
赵财记·肠粉·煲仔饭(国贸店),4.4,62,33,小白楼,广州菜
阿甘粤菜馆(五大道店),4.6,455,93,五大道,粤菜馆
小龙坎火锅(荣业大街店),4.4,1051,109,南市,四川火锅
二姐家三个拿手菜(红磡大道店),4.4,476,57,海光寺/六里台,家常菜
韩时烤肉(天津天河城店),4.8,3958,96,和平路,韩式烤肉
湘芸(天河城店),4.3,109,85,和平路,湘菜
下江腩牛腩火锅(天津和平区店),4.2,77,76,小白楼,潮汕牛肉火锅
寻蜜,4.9,494,69,五大道,私房菜
青年公社(伊势丹店),4.7,7028,88,滨江道,烤鸭
买又大餐厅(沙市道店),4.5,2910,38,五大道,津味小吃
Meet Sun韩式大排档한식포차(天津滨江道店),4.8,218,74,滨江道,韩国料理
绿色庄园(红磡店),4.7,7265,86,海光寺/六里台,韩国料理
状元菜(滨江道店),4.4,319,52,滨江道,天津菜
鸡本无敌·炒鸡客江湖菜(五大道店),4.8,1263,88,五大道,川菜馆
鸟禾割烹料理,4.8,1561,164,鞍山道沿线,日本料理
芳竹园火锅(乐宾店),4.8,1827,64,滨江道,四川火锅
成桂西餐厅(河北路店),4.6,3266,220,五大道,西餐
七家哥贰店烤肉,4.7,594,108,滨江道,韩式烤肉
高胖妹面庄(滨江道店),4.8,1217,39,滨江道,面馆
喜在山舍·老宅吊锅·川卤酒馆(天河城店),4.8,2310,116,和平路,重庆火锅
蝎王府羊蝎子(荣业大街店),4.7,1237,105,南市,羊蝎子火锅
二姐家三个拿手菜(岳阳道店),4.5,345,63,五大道,家常菜
太兴餐厅(天河城店),4.7,3386,77,和平路,茶餐厅
大西家(鞍山道店),4.4,2042,63,鞍山道沿线,日式简餐/快餐
欣火锅·烧菜火锅创导店,4.5,496,91,西康路沿线,重庆火锅
Kim’s kitchen欧巴火锅炸鸡啤酒(友谊新天地店),4.9,2959,68,滨江道,韩国料理
天天鲜潮汕牛肉火锅,4.8,539,99,和平路,潮汕牛肉火锅
友膳·津味烤羊腿(五大道店),4.7,382,154,五大道,烤羊腿
泰阿泰.泰国餐厅,4.3,1946,116,和平路,东南亚菜
金阁家常菜馆(贵阳路店),4.5,1589,53,滨江道,天津菜
天丼の匠·天妇罗饭专门店(天津伊势丹),4.8,1166,52,滨江道,日本料理
九號烧肉.夜食,4.2,92,63,西康路沿线,韩式烤肉
味蜀吾老火锅,4.9,5004,98,鞍山道沿线,四川火锅
津门糕手•提拉米苏专门店,4.8,4559,49,滨江道,甜品
上帝厨房(和平店),4.7,938,99,五大道,火锅
六国三春·川菜(环球金融中心店),4.4,1337,158,和平路,川菜馆
大胡子•海鲜烧烤大排档(荣安大街店),4.4,4328,85,南市,烤串
北菜阿五·北点北面(国贸店),4.7,217,77,小白楼,东北菜
川越泰·泰式海鲜火锅(吉利大厦店),4.9,1926,129,滨江道,泰式火锅
北李妈妈菜(恒隆广场店),4.8,21410,79,和平路,东北菜
顺水行粥(五大道店),4.5,254,48,五大道,粥店
王牌大虾(南市旗舰店),4.0,399,69,南市,虾蟹火锅
该爷大炸院·乐山油炸串串·跷脚牛肉(滨江道店),4.8,103,48,滨江道,川菜馆
成记潮汕粥(五大道店),4.8,2096,100,五大道,广州菜
江户时代日式自助烤肉,4.8,463,260,和平路,日式自助
椒媚川菜.水煮鱼(天河城店),4.8,6128,90,滨江道,酸菜鱼/水煮鱼
芳竹园火锅(友谊新天地店),4.9,467,64,滨江道,四川火锅
老金铜锅涮羊肉·烧烤,4.0,1010,66,南市,老北京火锅
芳竹园火锅(欧乐店),4.9,3273,68,滨江道,四川火锅
肥猫烤翅(锦州道店),4.6,10303,55,滨江道,烤翅
野紫苏日式火锅•放题(和平保利广场店),4.8,2913,145,南市,自助餐
Laksa House 叻唦之屋,4.5,2695,47,滨江道,东南亚菜
鑫海汇烤肉海鲜自助(滨江道店),4.7,33710,70,滨江道,自助餐
竹藏日本料理(解放北路店),4.7,707,167,小白楼,日本料理
鱻伊家,4.9,287,73,鞍山道沿线,日本料理
唐拉雅秀酒店-唐苑中餐厅,4.5,419,111,滨江道,粤菜馆
不二大虾火锅(恒隆店),4.8,180,71,和平路,海鲜火锅
东方之珠粤味海鲜城(和平店),4.4,3617,97,五大道,粤菜馆
觅思特铁板鸡(滨江道店),4.8,252,66,滨江道,韩国料理
炙上烤肉(麦购店),4.5,271,72,滨江道,融合烤肉
牛华巷·明炉牛腩煲(保利广场店),4.1,30,50,南市,火锅
狗不理大酒店(和平店),4.0,3461,124,和平路,天津菜
食度·猪肚鸡火锅(恒隆广场店),4.8,1501,115,和平路,猪肚鸡火锅
木村·京都Omakase料理,4.9,794,1525,滨江道,日本料理
天津大学四十二斋餐厅,4.6,900,51,海光寺/六里台,天津菜
鲸岚·酩町中式酒馆(营口道店),4.8,1637,97,滨江道,融合烤肉
懒人瞎吃,4.6,338,41,滨江道,其他美食
峰豪食府,4.2,225,60,海光寺/六里台,特色菜
王婆大虾(南开店),4.3,721,63,海光寺/六里台,虾蟹火锅
稻吉深夜酒场·烧鸟(四平东道店),4.9,991,125,和平路,日本料理
Turka土耳咖·Gourmet(滨江道店),4.8,489,85,和平路,西餐
凤厨顺德菜,4.0,7,,五大道,顺德菜
烧江南烤肉(天河城店),4.7,1311,122,和平路,融合烤肉
半天妖烤鱼(保利店),4.9,1839,67,南市,烤鱼
杨小涛跷脚牛肉面(天津一店),4.5,2711,41,小白楼,面馆
盛茂祥砂锅(湖北路店),4.7,628,30,小白楼,天津菜
首跑蹄儿餐厅,4.7,2162,88,南市,韩国料理
刀叉遇上筷子·夜宵(和平店),4.9,6771,91,滨江道,西餐
三合醉串酒场,4.8,495,172,南市,日本料理
热啊餐厅东南亚美食(和平大悦城店),4.6,4164,77,滨江道,南洋中菜
王婆大虾(友谊新天地店),4.4,1582,78,滨江道,虾蟹火锅
大千炉匠·日料全餐,4.5,41,116,五大道,日本料理
1618清真公馆(马场道店),4.1,1030,230,五大道,私房菜
渔鸽仔·烧烤乳鸽海鲜·夜宵(成都道店),4.5,100,107,五大道,烤串
哥凹糕(滨江道店),4.3,1559,32,滨江道,甜品
辣小二脆毛肚火锅(万德庄旗舰店),4.8,1236,103,海光寺/六里台,重庆火锅
粤秀小厨,4.5,1399,99,滨江道,粤菜馆
牛庵·M12-Class和牛烤肉料理(和平恒隆广场店),4.8,2163,252,和平路,融合烤肉
家兴餐厅(辽宁路店),4.7,543,71,和平路,天津菜
鱼酷活鱼烤鱼(乐宾店),4.8,4648,94,滨江道,烤鱼
九田家黑牛烤肉料理(米莱欧百货店),4.8,2424,106,滨江道,韩式烤肉
拐枣巷很成都(滨江道店),4.8,1953,76,滨江道,串串香
尚渔味双拼烤鱼(万德庄店),4.7,441,84,海光寺/六里台,烤鱼
那虎妞炒鸡(乐宾店),4.8,546,50,滨江道,创意菜
日牛涮涮锅·和牛寿喜烧日式放题(和平伊势丹店),4.5,2617,130,滨江道,日式自助
胖哥鸡肉串·怪味火锅鸡,4.2,108,50,西康路沿线,烤串
花田居酒屋,4.9,1812,154,滨江道,日本料理
珑隆家·串串遇上锅儿,4.9,1165,61,西康路沿线,串串香
囍er· SEAR STEAK GRILL & BAR,4.8,93,357,鞍山道沿线,牛排
康太太沙茶面,4.4,298,41,滨江道,小吃快餐
芳焰称盘干拌麻辣烫(恒隆店),4.7,246,60,和平路,四川火锅
悦林湾卢渔翁鲜焖纸包鱼(万德庄店),4.8,603,69,海光寺/六里台,烤鱼
茉莉精品火锅姿造,4.5,229,135,五大道,海鲜火锅
山上下日式烤肉(世纪都会店),4.3,93,142,滨江道,日式烧烤/烤肉
大吉利·潮汕牛肉火锅(万峰路店),4.8,2859,93,海光寺/六里台,潮汕牛肉火锅
BETTERBURGERS,4.6,143,60,五大道,西餐
五福全蟹宴·传胪中式茶餐厅,4.2,482,144,小白楼,茶餐厅
bluefrog蓝蛙(恒隆广场店),4.8,4163,161,和平路,西餐
港隆八十六號(和平店),4.5,950,48,滨江道,茶餐厅
蚝吉利生蚝火锅(新华路店),4.5,71,138,和平路,海鲜火锅
天空厨房·铁板烧(滨江道店),4.6,832,91,滨江道,日式铁板烧
乐处·招牌鹅肝饭料理店,4.9,1358,154,滨江道,日本料理
隐樂門•盛唐融合火锅,4.3,84,78,西康路沿线,四川火锅
炉石六本目炉端烧専門店(和平总店),4.9,4788,181,五大道,日式烧烤/烤肉
潮伦·音乐海鲜自助火锅,4.0,128,101,滨江道,自助餐
马路边边串串香(五大道店),4.9,1860,88,五大道,串串香
木屋烧烤(万德庄店),4.6,810,86,海光寺/六里台,烤串
阿蔵居酒屋AGURA,4.9,3226,279,五大道,日本料理
海石湾·清真Traveler(乐宾店),4.9,3810,94,滨江道,西餐
胜家·日式炸猪排(和平路店),4.9,1740,74,和平路,日本料理
黄尚客牛排自助餐厅,4.3,866,66,和平路,自助餐
芊队长串串香火锅(南京路店),4.6,153,76,鞍山道沿线,自助餐
觅·归觅海南椰子鸡(天河城店),4.5,788,92,和平路,火锅
彭慶福茶楼,4.5,1056,65,和平路,粤式茶点
八采烧肉(海信广场店),4.5,322,141,小白楼,日式烧烤/烤肉
酥侯糕点(红磡大道店),4.3,219,44,海光寺/六里台,面包烘焙
东来顺饭庄,4.4,1061,86,南市,老北京火锅
吴记糕干(鞍山道店),4.5,1539,16,鞍山道沿线,面包烘焙
大胡子•海鲜烧烤大排档(黄家花园总店),4.2,4369,80,五大道,烤串
九龍冰室(保利广场店),4.5,437,68,南市,茶餐厅
小牛回家·闽南牛肉汤火锅,4.6,160,60,海光寺/六里台,牛羊肉火锅
Nice to meet you 很高兴认识你法餐&生蚝吧,4.7,2243,335,五大道,西餐
火鳳祥鲜货火锅(天河城旗舰店),4.7,2848,121,和平路,四川火锅
32坐炖涮锅滨江道店,4.7,83,54,滨江道,特色菜
韩寿参鸡汤(天河城店),4.5,569,77,和平路,韩国料理
鱼酷活鱼烤鱼(和平大悦城店),4.9,1198,94,五大道,烤鱼
董家湾重庆老火锅(滨江道店),4.7,10267,90,滨江道,重庆火锅
三搭火市井火锅(滨江道友谊新天地店),4.6,1231,61,滨江道,四川火锅
CoCo都可(和平大悦城店),4.7,1042,14,五大道,茶饮果汁
NO.55 WINERY,4.5,447,161,小白楼,西餐
满记甜品(恒隆广场店),4.6,2746,40,和平路,甜品
BON CAKE(伊势丹店),4.7,2256,169,滨江道,面包烘焙
老丰阁品味上海(先农大院店),4.7,995,238,五大道,上海本帮菜
CoCo都可(南开大悦城二店),4.6,104,18,南市,茶饮果汁
袁记幺哥串串香·秤盘麻辣烫,4.7,288,63,五大道,串串香
巧二妹螺蛳粉(滨江道店),4.6,2210,23,滨江道,小吃快餐
松澤日本料理(和平路店),4.6,756,197,和平路,日本料理
好利来(南京路1号店),4.7,1175,54,滨江道,面包烘焙
多乐之日(和平伊势丹店),4.6,2857,43,滨江道,面包烘焙
叁谷匠造(营口道店),4.6,704,37,滨江道,面包烘焙
二人锅(和平大悦城店),4.6,3488,77,滨江道,火锅
茶百道(滨江道店),4.6,110,18,滨江道,茶饮果汁
老沧州火锅鸡(万德庄店),4.6,803,50,海光寺/六里台,火锅
呷哺呷哺(世纪都会店),4.6,1224,69,滨江道,小火锅
耳朵眼·中式点心(天河城店),4.6,396,19,和平路,面包烘焙
富士町精致料理和牛烧肉(新华路店),4.6,369,115,滨江道,日式烧烤/烤肉
炉鱼(天津恒隆店),4.7,10016,86,和平路,烤鱼
么么果茶(天河城店),4.5,196,15,和平路,茶饮果汁
沪上阿姨鲜果茶(天河城二店),4.5,490,14,和平路,茶饮果汁
怪之味烤鱼(滨江道店),4.7,7606,52,滨江道,烤鱼
Slow Life 私家手工烘焙,4.5,302,169,南市,面包烘焙
橘园·和菓子,4.6,514,84,五大道,甜品
捷信牛奶甜品世家(万德庄店),4.6,2002,30,海光寺/六里台,甜品
超级馥糯热狗(欧乐时尚广场店),4.6,1496,23,滨江道,韩式小吃
原麦山丘(天河城店),4.6,1250,41,和平路,面包烘焙
阿甘锅盔(南开大悦城店),4.6,1241,14,南市,小吃快餐
椿风·养生茶饮(南开大悦城店),4.5,1525,22,南市,茶饮果汁
米拉诺意式餐厅Milano Studio,4.5,76,130,和平路,西餐
烤货•鲜拌烤肉更好吃,4.6,1332,64,滨江道,融合烤肉
起士林蛋糕,4.7,2291,98,五大道,面包烘焙
pool pool,4.5,124,24,滨江道,冰淇淋
汴梁徐先生厚切炒酸奶(天津首店),4.5,642,21,海光寺/六里台,冰淇淋
蜜雪冰城(小白楼店),4.5,583,6,小白楼,茶饮果汁
堇·花食 PansyFlower西餐(乐宾店),4.7,2315,100,滨江道,西餐
祥禾饽饽铺•中式点心(和平大悦城店),4.7,653,64,五大道,面包烘焙
红姐麻辣拌炸串,4.5,3708,26,滨江道,麻辣烫
法颂(国贸购物中心店),4.5,906,81,小白楼,面包烘焙
喜茶(乐宾百货店),4.7,5975,30,滨江道,茶饮果汁
野木花园·日式牛肉火锅(滨江道店),4.7,2310,86,和平路,日式火锅
原麦山丘(和平大悦城店),4.7,3917,45,滨江道,面包烘焙
富贵屋·鳗割烹Fukiya(活鳗店),4.7,262,124,五大道,日本料理
娃哈哈奶茶(世纪都会店),4.6,334,15,滨江道,茶饮果汁
BITTER SWEETIE比她甜(先农大院店),4.5,1160,55,五大道,甜品
Lava牛排扒房•葡萄酒&威士忌酒吧,4.6,104,328,西康路沿线,西餐
争鲜回转寿司(和平恒隆店),4.5,3728,65,和平路,日本料理
沉鱼蟹院•蟹黄面,4.5,942,195,滨江道,面馆
呷哺呷哺(海信广场店),4.6,1274,83,小白楼,小火锅
永吉柳州螺蛳粉,4.5,123,18,滨江道,小吃快餐
龟户二丁目日本料理(山西路总店),4.7,1453,183,滨江道,日本料理
法颂FOZOON(世纪都会店),4.6,793,40,滨江道,面包烘焙
圆真真·手作嚼感鲜茶(和平大悦城店),4.5,45,16,滨江道,茶饮果汁
蚝吉利生蚝火锅(沈阳道店),4.5,367,122,和平路,海鲜火锅
荷田水铺·养生茶汤(友谊新天地店),4.6,97,13,滨江道,茶饮果汁
好利来(南京路店),4.7,996,45,小白楼,面包烘焙
吃好喝好添好運 新兴路店,4.5,626,55,西康路沿线,锅巴菜
书亦烧仙草(小白楼店),4.6,193,15,小白楼,茶饮果汁
SLOTH CAFE 树懒餐厅&咖啡,4.7,587,102,五大道,咖啡厅
MIMI E COCO& Bar,4.5,194,58,五大道,咖啡厅
慢城烘焙·蛋糕(南市荣业大街店),4.7,3521,44,南市,面包烘焙
地饭食DIFFERENCE,4.5,1444,47,滨江道,快餐简餐
魔符面包(和平店),4.6,102,19,滨江道,面包烘焙
满记甜品(海信广场店),4.7,842,39,小白楼,甜品
莞膳·叶记肠粉(滨江道店),4.7,1676,32,滨江道,小吃
椒爱·水煮鱼川菜(和平大悦城店),4.6,694,94,滨江道,酸菜鱼/水煮鱼
慢城烘焙·蛋糕(营口道店),4.6,7580,48,滨江道,面包烘焙
CoCo都可(国际商场店),4.5,281,15,滨江道,茶饮果汁
Hougang7咖啡店 •P7 Bar,4.6,451,53,五大道,咖啡厅
割烹和味,4.5,180,206,五大道,日本料理
那虎妞炒鸡(友谊新天地店),4.7,308,45,滨江道,创意菜
我们的面包店,4.7,458,47,五大道,面包烘焙
華龍麵家,4.7,554,62,五大道,日式简餐/快餐
四久诚卤煮火烧,4.6,1206,42,滨江道,小吃快餐
西村叔叔的店(海信广场店),4.7,2339,48,小白楼,面包烘焙
黑泷太郎KUROTAKI(天河城店),4.7,1473,16,和平路,茶饮果汁
韩罗苑(和平大悦城店),4.6,1443,97,滨江道,韩式烤肉
Lucky yaki食運·片食烧肉,4.6,153,122,和平路,日式烧烤/烤肉
大千炒面拉面(诚基店),4.6,1107,18,滨江道,面馆
池田寿司(和平大悦城店),4.7,996,31,滨江道,寿司
爱合牛-炭火烧肉&寿喜烧(伊势丹南京路店),4.7,3335,126,滨江道,日式烧烤/烤肉
Geba Geba(五大道店),4.6,1198,270,五大道,日本料理
荃茶荃麦(五大道店),4.7,359,38,五大道,面包烘焙
枫露 La Fontage法国餐厅(常德道店),4.5,558,474,五大道,西餐
OIDEN御意传(国际大厦店),4.7,161,134,小白楼,日本料理
土勺韩式拌饭(南开大悦城店),4.5,1505,30,南市,韩国料理
Meara cake,4.5,119,41,滨江道,甜品
慢城烘焙·蛋糕(万德庄大街店),4.6,677,63,海光寺/六里台,面包烘焙
DOUBLE76西餐厅,4.7,245,68,五大道,西餐
麦香铁锅焖面,4.6,353,40,海光寺/六里台,焖锅
SUPERBOOM爆爆大汉堡(和平大悦城店),4.7,12498,67,五大道,西餐
祥禾饽饽铺•中式点心(五大道店),4.7,1555,67,五大道,面包烘焙
Turka土耳咖(五大道店),4.7,1230,58,五大道,西餐
牛の本家(民园店),4.7,3710,131,五大道,日式烧烤/烤肉
Dionysus塞墨勒酒铺·西餐(岳阳道店),4.6,160,105,五大道,牛排
涤森·DECENT(五大道店),4.7,714,172,五大道,西餐
达仕坦特色餐吧Dastan,4.5,418,55,五大道,西餐
梨花牛肉汤(乐宾百货店),4.6,3761,36,滨江道,快餐简餐
清真·倍儿堂口·老宜白路冰粉王,4.5,1325,15,鞍山道沿线,津味小吃
渔金居酒屋·创意海鲜放题,4.6,1795,146,滨江道,日本料理
花榕稻江湖烤鱼,4.7,206,60,滨江道,烤鱼
咱厝边沙茶面,4.7,440,45,和平路,小吃快餐
尚渔味双拼烤鱼(天河城店),4.7,185,84,和平路,烤鱼
伊甸私房水果捞,4.7,167,11,和平路,甜品
No.213 Coffee&Bar 西餐,4.7,900,170,小白楼,西餐
胖姐螺蛳铺,4.5,286,25,滨江道,小吃快餐
常樂屋·常德米粉(天津五大道店),4.7,165,38,五大道,快餐简餐
贝儿多爸々の泡芙工房(国金伊势丹店),4.5,156,27,五大道,面包烘焙
山久烘焙·回转甜品·英式下午茶(民园店),4.6,511,47,五大道,面包烘焙
搭饭儿混搭食堂(滨江道店),4.6,915,61,滨江道,韩国料理
江之叶新派日式料理(恒隆旗舰店),4.6,997,94,和平路,日本料理
快乐柠檬(天河城店),4.5,263,14,和平路,茶饮果汁
鱼谦脆皮烤鱼(天河城店),4.7,2671,88,和平路,烤鱼
治愈者Cafe&Bar咖啡&酒吧,4.7,523,53,五大道,咖啡厅
满圆薄春饼(天河城店),4.6,4684,75,和平路,烤鸭
满记甜品(国际商场店),4.5,2588,38,滨江道,甜品
会飞的鸡Flying chicken(滨江道店),4.7,863,51,滨江道,韩国料理
大媚奶茶(五大道民园店),4.6,407,17,五大道,茶饮果汁
秀一会,4.7,308,184,五大道,日本料理
九锦·日式家庭寿喜烧·烤肉料理店,4.6,1765,92,滨江道,日本料理
Yummy Bakery欧麦,4.5,311,47,五大道,面包烘焙
鼎七堂蟹皇面·蟹黄面,4.7,143,236,滨江道,海鲜
曦里,4.7,123,62,五大道,咖啡厅
注春人文茶饮(滨江道一店),4.6,56,15,滨江道,茶饮果汁
尚渔味双拼烤鱼(和平大悦城店),4.7,6387,88,滨江道,烤鱼
CoCo都可(河北路店),4.7,472,14,滨江道,茶饮果汁
圆满素食林饭店(津门第一素),4.6,1534,58,小白楼,素食
Soul g Coffee(自烘焙社区店),4.7,405,37,西康路沿线,咖啡厅
呷哺呷哺(恒隆广场店),4.6,1017,70,和平路,小火锅
南大门米糕(曹宽糕坊天津总店),4.5,2713,19,海光寺/六里台,面包烘焙
真剑(贵州路店),4.5,5330,164,滨江道,自助餐
小筑料理(和平恒隆广场店),4.7,1223,122,和平路,日本料理
香酥绿豆饼(八里台店),4.6,1933,15,南开大学/八里台,面包烘焙
樱·日式烧肉(岳阳道店),4.7,177,128,五大道,日式烧烤/烤肉
曾记抚顺正宗麻辣拌,4.5,342,22,滨江道,麻辣烫
津门十三张煎饼(滨江道店),4.5,2954,20,滨江道,快餐简餐
唐春饼故事(世纪都会店),4.6,905,64,滨江道,东北菜
三木食舍,4.6,277,140,五大道,日本料理
丸龟制面(伊势丹店),4.6,8346,39,滨江道,日式简餐/快餐
井弘饭团(国贸购物中心店),4.5,501,15,小白楼,小吃快餐
欧麦鲜啤·精酿啤酒(万德庄店),4.5,188,22,海光寺/六里台,饮品店
金莎港式茶餐厅(世纪都会店),4.6,1849,63,滨江道,茶餐厅
酙味野菜村·和牛寿喜烧放题自助(恒隆广场店),4.7,300,181,和平路,自助餐
鱼你在一起(和平大悦城店),4.6,519,39,滨江道,酸菜鱼/水煮鱼
麦当劳(滨江四店),4.5,851,22,滨江道,西式快餐
大吉利粤式浓香牛什锦(和平大悦城店),4.6,2678,29,滨江道,小吃
梨花牛肉汤(恒隆广场店),4.7,220,32,和平路,快餐简餐
奈良汀•和牛烧肉酒场(五大道店),4.6,202,149,五大道,日式烧烤/烤肉
乐图创意乳脂蛋糕,4.5,1539,80,五大道,面包烘焙
BITTER SWEETIE •Patisserie，Bloulangerie and Cafe(比她甜先农大院店),4.6,146,67,五大道,咖啡厅
FISH AND CHIPS 薯鱼(世纪都会店),4.5,1289,22,滨江道,小吃
见味花甲(南开大悦城店),4.5,1642,32,南市,米线
梁记老广味道•打边炉,4.6,172,35,滨江道,粤菜馆
川町太郎(小白楼朗香街店),4.5,929,17,小白楼,茶饮果汁
粤菜传奇鱼小坊,4.7,1102,64,和平路,粤菜馆
呷哺呷哺(米莱欧店),4.7,857,56,滨江道,小火锅
潮食巷零食,4.5,242,33,滨江道,零食
津乐园(营口道店),4.5,1101,40,滨江道,面包烘焙
民樂Cafe·Bar,4.7,195,35,滨江道,咖啡厅
三小丫火锅,4.1,136,50,和平路,猪肚鸡火锅
饶师傅大馅水饺(双峰道店),4.6,764,38,海光寺/六里台,饺子
川合顺麻辣香锅(欧乐店),4.6,754,51,滨江道,干锅/香锅
热啊餐厅东南亚美食(和平大悦城店),4.6,4165,77,滨江道,南洋中菜
禾之鲜回转寿司(和平大悦城店),4.6,821,61,五大道,寿司
优希伊韩国本土风味小吃(海光寺店),4.7,605,48,海光寺/六里台,韩国料理
将军亭日本料理,4.7,533,135,南市,日本料理
老张牛肉面眷村文化馆店,4.5,211,47,和平路,面馆
京馔手工吐司,4.7,508,37,南开大学/八里台,面包烘焙
喜记·肠粉·煲仔饭(河北路店),4.5,937,33,滨江道,快餐简餐
呷哺呷哺(朗香街店),4.7,1216,68,小白楼,小火锅
麦当劳(南京路五店),4.6,552,30,小白楼,西式快餐
囍er美式早午餐,4.6,557,59,五大道,西餐
牛聪聪广州肠粉,4.7,629,25,海光寺/六里台,小吃
一途君·定食屋(滨江道店),4.5,166,41,和平路,日式简餐/快餐
明星小鸡·韩国滑蛋吐司(锦州道店),4.6,1770,25,滨江道,韩式小吃
芊味多海鲜焖面,4.6,200,25,滨江道,面馆
Kebab嘣豆人烤肉卷,4.6,279,29,滨江道,快餐简餐
1973继光香香鸡(和平大悦城店),4.5,432,20,五大道,炸鸡炸串
熊爪咖啡(赤峰道店),4.6,295,22,滨江道,咖啡厅
烫趟鲜麻辣烫麻辣拌(旗舰店),4.5,857,24,海光寺/六里台,麻辣烫
好利来(西康路店),4.7,501,113,西康路沿线,面包烘焙
亲爱的锅包YOU(南开大悦城店 直营店),4.5,3096,24,南市,快餐简餐
馍界传奇·肉夹馍·手工面(恒隆广场店),4.5,78,32,和平路,快餐简餐
好利来(海光寺店),4.5,538,40,海光寺/六里台,面包烘焙
蟹黄面·三名草屋(常德道店),4.7,528,202,五大道,面馆
汉堡王(恒隆广场店),4.5,2698,29,和平路,西式快餐
国王汉堡,4.6,99,26,滨江道,西式快餐
古阿婆古早味(伊势丹店),4.6,1481,26,滨江道,面包烘焙
咥长安·西安味道(西安道店),4.6,1237,34,五大道,快餐简餐
阳光披萨(辽宁路店),4.7,24252,38,和平路,比萨
格物·TJ Cafe(赤峰道店),4.5,1252,35,滨江道,咖啡厅
犟骨头(大悦城店),4.5,548,33,南市,快餐简餐
肯德基(南京路店),4.6,1000,36,滨江道,西式快餐
和裕深井烧鹅(和平店),4.7,2640,41,滨江道,烧腊
粉粉乐薄皮鲷鱼烧(和平伊势丹店),4.6,677,13,五大道,快餐简餐
星巴克(天津国际大厦店),4.5,2527,39,小白楼,咖啡厅
津乐园(贵阳路店),4.5,599,58,西康路沿线,面包烘焙
猫太の花式料理(山西路店),4.6,938,129,滨江道,日式铁板烧
一烤食上自助烤肉·火锅(滨江道店),4.7,28355,70,和平路,自助餐
星巴克(天津恒隆广场店),4.7,1800,48,和平路,咖啡厅
弄堂小笼包(和平大悦城店),4.7,1578,54,滨江道,上海本帮菜
米斯特比萨(和平世纪都会店),4.7,533,75,五大道,比萨
好利来(新兴路店),4.6,523,51,西康路沿线,面包烘焙
好利来(鞍山道店),4.7,641,69,鞍山道沿线,面包烘焙
杨小涛跷脚牛肉面(滨江道店),4.5,168,27,和平路,面馆
雨林咖啡,4.7,82,43,五大道,咖啡厅
OneCatฅ亿知猫治愈咖啡馆(和平大悦城店),4.5,454,54,五大道,咖啡厅
天津福芳里熟梨糕,4.7,98,13,南市,津味小吃
丸龟制面(天河城店),4.6,1330,39,和平路,日式简餐/快餐
壹玖零贰啤酒馆,4.0,26,,滨江道,饮品店
来来轩,4.6,193,69,滨江道,日式面条
渔小烧·台式平价铁板烧(诚基中心店),4.6,209,46,五大道,快餐简餐
桂菓·Sparkling&Café,4.7,1176,39,滨江道,咖啡厅
比格比萨自助(天河城店),4.6,3457,66,和平路,自助餐
老张牛肉面(和平大悦城店),4.5,1182,51,滨江道,面馆
蜜雪冰城(滨江商厦店),4.6,720,7,滨江道,茶饮果汁
MK鸭货(山西路店),4.5,890,25,滨江道,卤味鸭脖
浮生若茶(恒隆店),4.7,372,14,和平路,茶饮果汁
星巴克(天津新汇华庭店),4.5,194,36,南市,咖啡厅
小Kin荣串串研究所,4.5,201,59,海光寺/六里台,串串香
三只松鼠(和平大悦城店),4.5,132,45,五大道,零食
星巴克(天津朗香街店),4.5,262,36,五大道,咖啡厅
愉肴麻辣香锅(万德庄店),4.5,1157,53,海光寺/六里台,干锅/香锅
星巴克臻选(天津和平大悦城店),4.5,2229,43,滨江道,咖啡厅
二姐家三个拿手菜(岳阳道店),4.5,345,63,五大道,家常菜
喻记南派麻辣烫(国贸店),4.5,344,30,小白楼,麻辣烫
格朗合·鸡汤米线(世纪都会店),4.5,872,29,滨江道,米线
无忧麻辣拌·麻辣烫·简餐,4.6,729,22,海光寺/六里台,麻辣烫
喻记南派麻辣烫(国贸店),4.5,344,30,小白楼,麻辣烫
格朗合·鸡汤米线(世纪都会店),4.5,872,29,滨江道,米线
无忧麻辣拌·麻辣烫·简餐,4.6,729,22,海光寺/六里台,麻辣烫
争鲜回转寿司(海光寺家乐福店),4.5,1261,59,海光寺/六里台,日本料理
幸会食堂(和平店),4.5,121,70,五大道,西餐
喜樂·鲜果料理(和平店),4.5,93,33,滨江道,甜品
星巴克(天津和平路店),4.5,1472,38,和平路,咖啡厅
星巴克(天津五大道店),4.7,1368,42,五大道,咖啡厅
犟骨头(万德庄店),4.7,1234,23,海光寺/六里台,快餐简餐
Let’s Cafe·彼此咖啡,4.7,154,36,滨江道,咖啡厅
鱼粉王·鱼鲜汤浓(和平大悦城店),4.5,630,34,五大道,快餐简餐
Time Free,4.7,548,39,五大道,咖啡厅
半程咖啡,4.6,41,18,海光寺/六里台,咖啡厅
达文麦麦提玫瑰馕肉馕,4.6,123,12,南市,新疆菜
臧记·老味儿牛肉饭(滨江道店),4.6,602,39,滨江道,快餐简餐
饭醉团伙重庆小面,4.5,701,17,南开大学/八里台,面馆
火山6号比萨(海光寺店),4.6,138,42,海光寺/六里台,西式快餐
东篱D.L CAFE,4.7,270,41,滨江道,咖啡厅
肯德基(小白楼店),4.5,824,28,小白楼,西式快餐
55 Drink shop,4.5,137,9,滨江道,茶饮果汁
哥仨生鲜店,4.6,215,55,海光寺/六里台,生鲜
兴华烤冷面(锦州道分店),4.6,203,10,滨江道,快餐简餐
超级粉铺·新疆炒米粉,4.5,69,23,和平路,新疆菜
星巴克臻选(天津海信店),4.7,681,42,小白楼,咖啡厅
必胜客(南马路宅急送店),4.5,485,60,老城厢/鼓楼,比萨
和府捞面(南开大悦城店),4.7,534,48,南市,面馆
temper coffee(脾气咖啡社区店),4.6,330,27,五大道,咖啡厅
Bjd&lolita 桃乐丝的下午茶,4.7,98,46,小白楼,咖啡厅
饿狼窝窝大盘鸡(南开店),4.6,281,40,海光寺/六里台,新疆菜
麦当劳(南市店),4.5,366,21,南市,西式快餐
土大力(和平大悦城店),4.5,778,47,滨江道,韩国料理
吉野家(瑞竹大厦店),4.5,377,40,海光寺/六里台,日式简餐/快餐
方象咖啡Direction coffee(滨江道店),4.7,290,44,滨江道,咖啡厅
黛菲 drinks&nail salon,4.7,195,48,五大道,咖啡厅
luckincoffee瑞幸咖啡(凯旋门大厦店),4.6,297,22,小白楼,咖啡厅
缘咖啡,4.6,89,31,滨江道,咖啡厅
阿罡煲仔饭砂锅粥鲍鱼饭烧腊(昆明路店),4.5,202,28,西康路沿线,茶餐厅
大鱼等于>=COFFEE,4.6,139,30,鞍山道沿线,咖啡厅
Join&Enjoy鸭嘴兽咖啡,4.5,63,37,鞍山道沿线,咖啡厅
大渔小鱼锡纸烤鱼饭(哈尔滨道店),4.7,790,26,滨江道,快餐简餐
馍小皮(号外店),4.5,479,23,五大道,快餐简餐
U’Tea Time(喝好茶的店),4.6,134,45,和平路,咖啡厅
老张牛肉面(海信广场店),4.5,879,51,小白楼,面馆
鱼你在一起(朗香街店),4.7,644,37,小白楼,酸菜鱼/水煮鱼
鸭百万·北京烤鸭(和平店),4.6,330,39,南开大学/八里台,烤鸭
有板有面(新华路总店),4.7,1570,23,和平路,面馆
川合顺麻辣香锅(朗香街店),4.5,4276,46,小白楼,干锅/香锅
锐野西餐吧,4.3,57,75,和平路,西餐
筑艺咖啡(民园西里店),4.7,536,65,五大道,咖啡厅
南大门韩糕(和平店),4.6,346,16,鞍山道沿线,韩式小吃
锦鲤汇·川湘融合菜,4.7,326,61,鞍山道沿线,酸菜鱼/水煮鱼
麻辣拌天下(滨江道店),4.5,560,25,滨江道,麻辣烫
三只松鼠(天河城直营店),4.6,261,65,和平路,零食
一碗牛清炖牛肉,4.5,236,25,和平路,快餐简餐
乔伊制面·肉酱肥肠面专门店,4.6,1069,26,海光寺/六里台,面馆
梅拉诺咖啡(南市店),4.5,294,54,南市,西餐
136#PARK花園下午茶,4.6,354,76,五大道,咖啡厅
久福烧烤,4.4,248,81,西康路沿线,烤串
Infinity Space,4.6,114,21,滨江道,咖啡厅
十友八酒原始泥炉烤肉·宵夜,4.3,181,78,滨江道,融合烤肉
高乐雅澳式咖餐厅(和平大悦城店),4.7,560,63,滨江道,咖啡厅
晖哥牛肉烧饼(小白楼店),4.6,537,18,小白楼,小吃
Later!coffee,4.6,295,33,滨江道,咖啡厅
luckincoffee瑞幸咖啡(津汇广场店),4.7,446,17,五大道,咖啡厅
星巴克(天津万兆新文化花园店),4.7,368,35,南市,咖啡厅
旺盛客·土豆粉刀削面米线,4.5,484,16,滨江道,面馆
luckincoffee瑞幸咖啡(创新大厦店),4.6,344,23,和平路,咖啡厅
鸭百万•北京烤鸭(西湖道店),4.6,341,38,海光寺/六里台,烤鸭
109 COFFEE(国金中心店),4.6,212,20,滨江道,咖啡厅
星巴克(天津金谷大厦店),4.5,454,38,和平路,咖啡厅
星巴克(天津凯旋门大厦店),4.5,330,47,小白楼,咖啡厅
麦卡珑双拼比萨(南开二马路店),4.6,336,41,海光寺/六里台,比萨
INSIDE艺术商店(先农店),4.5,409,37,五大道,咖啡厅
青新峰牦牛骨汤拉面(和平店),4.5,238,19,鞍山道沿线,面馆
一哥龙虾馆(南市店),4.7,408,112,和平路,小龙虾
NINESTAR久星咖啡(新疆路店),4.5,71,26,鞍山道沿线,咖啡厅
余心咖啡,4.6,113,48,五大道,咖啡厅
luckincoffee瑞幸咖啡(巨贝大厦店),4.5,256,21,海光寺/六里台,咖啡厅
星巴克(天津嘉利大厦店),4.5,345,42,西康路沿线,咖啡厅
星巴克(天津五大院店),4.7,670,42,小白楼,咖啡厅
太平洋咖啡(和平区南京路店),4.5,729,31,滨江道,咖啡厅
鸟内会·烧极的铁板广岛烧居酒屋(河北路店),4.5,814,124,五大道,日式烧烤/烤肉
星巴克(天津百货大楼店),4.6,336,40,和平路,咖啡厅
大胡子•海鲜烧烤大排档(哈尔滨道店),4.2,1251,88,滨江道,烤串
甘COFFEE,4.7,307,32,鞍山道沿线,咖啡厅
MONA coffee&flower,4.5,268,43,滨江道,咖啡厅
luckincoffee瑞幸咖啡(津湾广场店),4.7,314,20,和平路,咖啡厅
蜀留香火锅(滨江道店),4.3,202,84,滨江道,四川火锅
luckincoffee瑞幸咖啡(世纪都会店),4.5,270,17,五大道,咖啡厅
luckincoffee瑞幸咖啡(环球金融中心店),4.5,270,23,和平路,咖啡厅
酉酒酉食精酿啤酒,4.3,153,100,海光寺/六里台,烧烤烤串
老街称盘麻辣烫(滨江道麦购店),4.3,48,43,滨江道,重庆火锅
花田·鈴蘭(黄家花园店),4.5,207,221,五大道,日本料理
KOKOROWA 寿司店(长沙路店),4.7,414,342,和平路,寿司
津门羊大爷·铜锅涮肉(山西路店),4.2,757,102,滨江道,老北京火锅
大明铜锅·砂锅烧烤·海鲜小炒(万德庄店),4.3,608,88,海光寺/六里台,炭火锅
捷信牛奶甜品世家(南开大悦城店),4.4,6476,33,南市,甜品
鸟内会·串烧(长沙路店),4.7,631,127,五大道,日式烧烤/烤肉
六合烤翅(锦州道店),4.0,104,82,滨江道,烤翅
嫲喜鸭货(滨江道店),4.1,66,18,滨江道,卤味鸭脖
沪上阿姨鲜果茶(万德庄天街店),4.2,200,13,海光寺/六里台,茶饮果汁
两只椰子(南开大悦城店),4.4,1179,19,南市,茶饮果汁
何柒柒の面(哈尔滨道店),4.4,55,21,滨江道,面馆
大福炭火烧鸟酒场(成都道店),4.3,401,207,五大道,日本料理
龙虾宝宝,4.4,325,85,海光寺/六里台,小龙虾
No Name 119°,4.1,32,31,五大道,茶饮果汁
津乐园(天河城店),4.1,454,27,和平路,面包烘焙
小满茶田(天河城店),4.3,88,25,和平路,茶饮果汁
朝夕关东煮小酒馆,4.3,294,65,五大道,日本料理
益禾堂(万德庄大街店),4.1,67,10,海光寺/六里台,茶饮果汁
督柏林西餐吧,4.4,1882,128,和平路,西餐
久屋·雅山,4.7,277,601,五大道,日本料理
茶茶巫CHACHAWU(恒隆广场店),4.1,133,28,和平路,茶饮果汁
吉姆南洋大师傅(和平天河城店),4.4,847,25,和平路,面包烘焙
陳打打點心铺(山西路店),4.3,633,37,滨江道,面包烘焙
筑地无二,4.3,211,88,和平路,日本料理
腩潮鲜牛腩火锅(吉利大厦店),4.3,666,59,滨江道,潮汕牛肉火锅
半仙豆夫(天河城店),4.2,482,20,和平路,饮品店
BITTER SWEETIE·Boulagere and Café(汉阳道店),4.3,270,50,五大道,面包烘焙
麦8度·精酿原浆鲜啤(万德庄店),4.1,124,17,海光寺/六里台,饮品店
酥侯糕点(贵阳路店),4.4,687,28,鞍山道沿线,面包烘焙
真味·玛喜达年糕火锅芝士肋排,4.2,732,55,滨江道,韩式火锅
酥小蒙牛肉饼(滨江道店),4.4,1055,9,滨江道,快餐简餐
水采田现烤冰淇淋菠萝包(号外店),4.1,62,26,滨江道,面包烘焙
栗记麦香坊仙豆糕(伊势丹旗舰店),4.4,2348,21,滨江道,面包烘焙
玖道香烧菜火锅(滨江道店),4.4,576,75,滨江道,重庆火锅
赵奶奶水饺锅贴·小酒馆(西湖道店),4.3,163,34,海光寺/六里台,饺子
郭靖烤全羊(海光寺店),4.0,55,,海光寺/六里台,烧烤烤串
素简时光豆乳茶饮专研店,4.4,687,12,滨江道,茶饮果汁
酥侯糕点(万德庄店),4.4,132,24,海光寺/六里台,面包烘焙
聚湘源烧烤(新兴路店),4.1,210,53,海光寺/六里台,烤串
榮 JAPANESE YAKINIKU,4.0,21,214,五大道,日式烧烤/烤肉
璐姐牛杂粉·牛肉粉(南开店),4.4,88,28,海光寺/六里台,快餐简餐
沪上阿姨鲜果茶(荣安大街店),4.4,280,16,南市,茶饮果汁
骨小蛮小酒馆地摊烤肉(五大道店),4.1,45,56,滨江道,融合烤肉
不贰巷(国贸店),4.1,226,15,小白楼,茶饮果汁
祥禾饽饽铺•中式点心(恒隆店),4.3,554,61,和平路,面包烘焙
喜茶(海信广场店),4.0,252,28,小白楼,茶饮果汁
煮小篓盘盘麻辣烫(天津首店),4.2,73,61,滨江道,麻辣烫
茶芋畈逅·奶茶研究所(滨江道店),4.2,45,12,滨江道,茶饮果汁
渝馨干锅香辣鸭头(和平店),4.4,625,80,南市,干锅/香锅
遇苋烧仙草(河北路店),4.3,77,,滨江道,茶饮果汁
草原羊尝道,4.1,38,,和平路,牛羊肉火锅
火麟炭焼茶(南开大悦城店),4.4,993,21,南市,茶饮果汁
喜茶(小白楼国贸店),4.4,683,30,小白楼,茶饮果汁
正新鸡排·炸鸡烧烤(天津滨江店),4.2,123,14,滨江道,炸鸡炸串
鸡情范儿火锅鸡·炭火牛蛙·大虾锅(乐宾店),4.3,1179,52,滨江道,本地鸡窝火锅
明星小鸡·韩国滑蛋吐司(和平大悦城店),4.1,802,20,滨江道,韩式小吃
在西边儿,4.2,174,41,和平路,快餐简餐
三九の味39烧鸟酒场,4.2,69,59,五大道,日本料理
食宜鲜炖·燕窝,4.4,162,48,和平路,甜品
津乐园(新文化店),4.4,1173,42,南市,面包烘焙
七茶CHILCHASUNRISE(天河城店),4.3,213,16,和平路,茶饮果汁
博白酸嘢,4.2,92,18,海光寺/六里台,甜品
鲜果时间(伊势丹店),4.2,99,14,滨江道,茶饮果汁
郭靖烤全羊(五大道店),4.0,33,137,五大道,烧烤烤串
鲜芋仙MeetFresh(世纪都会店),4.3,1410,28,滨江道,甜品
肯德基(劝业店),4.4,815,32,和平路,西式快餐
my cake•2师傅蛋糕烘焙,4.2,97,69,鞍山道沿线,面包烘焙
泷杉日本料理·Japanese Restaurant,4.0,129,100,五大道,日本料理
金家汤饭(和平国际商场店),4.3,148,50,滨江道,韩国料理
胡巷里成都大碗面(天津首店),4.3,401,35,滨江道,面馆
和气桃桃(滨江道店),4.3,219,17,滨江道,茶饮果汁
书亦烧仙草(国际商场店),4.3,302,15,滨江道,茶饮果汁
川町太郎(世纪都会店),4.4,799,21,滨江道,茶饮果汁
东北兰记麻辣烫麻辣拌,4.2,155,20,滨江道,麻辣烫
啊臻味道新疆炒米粉(天津店),4.1,82,23,滨江道,新疆菜
木亟ラーメン屋,4.3,504,57,和平路,日式面条
钱窜儿串串香·小酒馆,4.2,671,62,滨江道,串串香
小花家柯尔鸭撸鸭俱乐部(乐宾旗舰店),4.3,1070,67,滨江道,茶饮果汁
福家FUKUYA,4.3,72,168,五大道,日本料理
盈美术馆·酒吧,4.4,193,111,五大道,咖啡厅
锅友·火锅鸡双层牛蛙塔(乐宾百货店),4.4,1200,82,滨江道,火锅
Eco cake乐美芝法国蛋糕(和平欧乐店),4.2,1843,97,滨江道,面包烘焙
起士林(和平店),4.4,2654,50,南市,面包烘焙
麦当劳(大悦城店),4.4,439,25,南市,西式快餐
巴黎贝甜(南马路店),4.4,422,74,南市,面包烘焙
本地菜天津卫捞面,4.1,123,29,滨江道,面馆
包饌·夜包子(世纪都会店),4.4,127,13,滨江道,包子
FUWAFUWA洋菓子·甜品下午茶,4.4,97,66,五大道,咖啡厅
廖记棒棒鸡(和平大悦城店),4.1,473,41,五大道,熟食熏酱
7cake榴莲千层蛋糕(和平店),4.2,218,49,西康路沿线,面包烘焙
小渔匠·旺炉烤鱼•烧烤,4.4,182,60,滨江道,烤鱼
寻一味烧烤烩面馆,4.1,59,30,和平路,烤串
书亦烧仙草(天河城购物中心店),4.3,274,14,和平路,茶饮果汁
川人百味(乐宾店),4.1,6500,64,滨江道,川菜馆
41·Home Restaurant 寒舍(五大道店),4.1,268,218,五大道,苏浙菜
牛华巷·明炉牛腩煲(保利广场店),4.1,31,50,南市,火锅
宝轩阁羊蝎子火锅(滨江道店),4.2,347,120,和平路,羊蝎子火锅
刘老二铁锅炖鱼,4.2,126,114,五大道,东北菜
益禾堂(滨江道步行街店),4.0,52,13,和平路,茶饮果汁
楽·阪烧(岳阳道店),4.2,121,80,五大道,日式铁板烧
Bricks Cacao爱巧巧克力专门店,4.4,214,69,五大道,甜品
杨记砂锅·砂锅杨,4.1,570,33,海光寺/六里台,快餐简餐
九上口跷脚牛肉面,4.2,72,28,海光寺/六里台,面馆
烤梨先生国货甜品,4.2,42,16,南市,甜品
鲜果时间(伊势丹店),4.2,99,14,滨江道,茶饮果汁
福小福越南汤河粉PHO PETITE PHO,4.2,473,48,滨江道,东南亚菜
Twenty Coffee,4.4,83,55,五大道,咖啡厅
鹿角巷(友谊新天地店),4.1,61,15,滨江道,茶饮果汁
百品聚旋转火锅(号外店),4.4,486,36,滨江道,小火锅
廖记棒棒鸡(南开大悦城店),4.4,1643,40,南市,熟食熏酱
72cafe,4.4,400,33,滨江道,咖啡厅
查朵甜品蛋糕(海光寺店),4.3,2963,38,海光寺/六里台,甜品
酥小蒙牛肉饼(天河城店),4.3,128,8,和平路,快餐简餐
蟹蟹大家砂锅粥鸡公煲,4.2,1236,45,滨江道,粥店
炊大梨烤梨烤红薯(贵阳路店),4.1,146,20,鞍山道沿线,甜品
luckin coffee瑞幸咖啡,4.0,49,18,五大道,咖啡厅
BELLA+波奇饭·三文鱼·咖啡,4.3,444,60,滨江道,日式简餐/快餐
唐河王记·炝烩面·蟹黄饼,4.2,322,30,和平路,快餐简餐
nova,4.4,27,52,鞍山道沿线,西餐
田丸屋日式料理,4.2,142,35,滨江道,日本料理
秦云老太婆摊摊面(万德庄店),4.3,507,17,海光寺/六里台,面馆
周记烧烤,3.8,39,25,滨江道,烤串
夸父炸串公司(南开大悦城店),4.0,510,36,南市,炸鸡炸串
星巴克(天津西康路店),4.4,357,38,西康路沿线,咖啡厅
FISH&POTATO Cō(西班牙TAPAS美食 大悦城店),4.0,116,97,五大道,西餐
喜茶(天津和平伊势丹店),4.1,82,29,滨江道,茶饮果汁
左麻右辣·烤鱼·麻辣香锅(滨江道欧乐时尚广场店),4.3,4064,60,滨江道,干锅/香锅
美珍香(天津恒隆广场店),4.4,318,86,和平路,零食
吉野家(恒隆广场店),4.1,716,28,和平路,日式简餐/快餐
谷香谷色·谷香小镇,4.2,2383,62,滨江道,东北菜
必胜客(乐宾店),4.1,2160,80,滨江道,比萨
門司咖喱蛋包饭(南开大悦城店),4.1,1271,34,南市,日式简餐/快餐
鲜粮卷饼王(小白楼店),4.1,149,11,小白楼,快餐简餐
徐夫人麻辣烫(诚基店),4.3,252,21,滨江道,麻辣烫
必胜客(海光寺店),4.4,2044,74,海光寺/六里台,比萨
争鲜回转寿司(和平伊势丹店),4.2,2968,59,滨江道,日本料理
大吉利粤式浓香牛什锦(南开大悦城店),4.0,1376,34,南市,小吃
鱼本鱼(和平大悦城店),4.3,643,21,五大道,小吃快餐
抖香锅·猛火现炒的麻辣香锅(和平店),4.1,117,26,和平路,干锅/香锅
桂发祥(气象台路店),4.0,282,57,西康路沿线,津味小吃
艾友低糖蛋糕,4.4,68,74,五大道,面包烘焙
王贵州的面(滨江道店),4.4,299,15,滨江道,面馆
勃艮第酒窖·燕窝·蛋糕,4.0,40,84,五大道,其他美食
福卤匠·热卤粉面(和平大悦城店),4.2,545,27,五大道,快餐简餐
麦当劳(小白楼店),4.2,1090,19,小白楼,西式快餐
英玉活力石锅拌饭(友谊新天地店),4.2,3690,48,滨江道,韩国料理
不一咖啡·Different Café(五大道店),4.4,229,33,五大道,咖啡厅
三只大叔(山西路店),4.4,105,19,滨江道,咖啡厅
湘天福食府(蛇口道店),4.3,1016,81,西康路沿线,湘菜
陈记锅巴菜(五大道店),4.2,1441,11,五大道,锅巴菜
星诺嘉自助饺子(滨江道友谊新天地店),4.4,4748,36,滨江道,自助餐
麦当劳(滨江1店),4.1,1185,29,滨江道,西式快餐
星巴克(天津世纪都会店),4.2,82,41,滨江道,咖啡厅
麦当劳(津湾广场店),4.4,413,34,和平路,西式快餐
麦当劳(鞍山道餐厅),4.4,669,24,海光寺/六里台,西式快餐
鱼本鱼(南开大悦城店),4.3,701,25,南市,快餐简餐
黄尚客牛排自助餐厅,4.3,867,66,和平路,自助餐
呐记荷叶甑糕(锦州道店),4.3,236,11,滨江道,快餐简餐
星巴克(天津环球置地广场店),4.3,328,38,海光寺/六里台,咖啡厅
COSTA COFFEE(恒隆广场店),4.1,397,37,和平路,咖啡厅
DOFUN•朵朵梵西餐(津塔店),4.2,33,46,和平路,西餐
食光麻辣烫·麻辣拌(赤峰道店),4.3,65,22,滨江道,麻辣烫
MOMO's CAFE,4.4,457,40,五大道,咖啡厅
必胜客(号外店),4.2,853,70,滨江道,比萨
汉堡王(瑞竹大厦店),4.3,598,30,海光寺/六里台,西式快餐
星巴克(天津国金中心写字楼店),4.3,84,40,滨江道,咖啡厅
沪上阿姨鲜果茶(小白楼朗香街店),4.1,267,11,小白楼,茶饮果汁
天堂时光旅行书店(河北路店),4.4,240,32,五大道,西餐
崔记肠粉(多伦道店),4.4,201,27,滨江道,米线
达美乐比萨(小白楼万通店),4.1,199,62,小白楼,比萨
边缘地带·锦州小烧烤,3.5,35,75,滨江道,烤串
潼乐泰陕西面馆(和平大悦城店),4.1,157,19,滨江道,面馆
周黑鸭(营口道店),4.1,207,43,滨江道,卤味鸭脖
江城李·武汉热干面(欧乐时尚广场店),4.4,672,21,滨江道,小吃快餐
一町火锅居(津湾店),4.3,241,160,和平路,日本料理
堡正火(吴家窑店),4.0,57,7,西康路沿线,西式快餐
津五福西点(J07鞍山道店),4.1,542,32,鞍山道沿线,甜品
肯德基(世纪都会店),4.4,701,30,五大道,西式快餐
麦当劳(卫津路店),4.1,322,24,南开大学/八里台,西式快餐
赛百味SUBWAY(和平大悦城店),4.3,546,30,滨江道,西式快餐
必胜客(滨江店),4.4,1150,69,小白楼,比萨
麦当劳(麦购时代店),4.2,528,29,老城厢/鼓楼,西式快餐
金悦食尚餐厅,4.0,168,78,和平路,私房菜
Ninestar久星咖啡(云南路店),4.3,34,23,西康路沿线,咖啡厅
星巴克(NOW天河城二店),4.3,121,44,和平路,咖啡厅
麦当劳(滨江2店),4.3,721,22,滨江道,西式快餐
赵崽儿川式面品(和平大悦城店),4.3,1108,35,滨江道,面馆
渝情鱼礼烤鱼(和平店),4.0,431,76,五大道,烤鱼
琳奈乐蛋糕店(南京路店),4.0,1075,95,五大道,面包烘焙
麦当劳(百货大楼店),4.3,210,18,和平路,西式快餐
汉堡王(天津小白楼店),4.3,1641,33,小白楼,西式快餐
姐弟俩土豆粉(哈尔滨道),4.2,801,25,和平路,小吃快餐
麦当劳(南京路四店),4.3,726,28,海光寺/六里台,西式快餐
尊宝比萨(恒隆广场店),4.0,96,36,和平路,比萨
活乐鱼·酸菜鱼&水煮肉片(家乐福店),4.1,44,,海光寺/六里台,酸菜鱼/水煮鱼
正新鸡排(天津隆财店),4.1,192,15,和平路,炸鸡炸串
天天初二•国潮面馆(昆明路店),4.2,99,26,西康路沿线,天津菜
BinsJoy宾喜炸鸡·韩餐(海光寺店),4.3,130,24,海光寺/六里台,炸鸡炸串
星巴克臻选(天津金融街南开中心店),4.4,110,44,海光寺/六里台,咖啡厅
润荣桂林米粉(小白楼店),4.2,146,23,小白楼,桂林米粉
圣林轩,4.4,401,46,和平路,天津菜
一家蛋糕店,4.4,60,23,西康路沿线,面包烘焙
甘食记·成都肥肠粉(伊势丹店),4.2,353,33,滨江道,小吃快餐
咏巷老北京炸鸡(伊势丹店),4.3,54,30,滨江道,炸鸡炸串
肯德基(学府店),4.4,460,22,南开大学/八里台,西式快餐
犟嘴牛肉饭,4.3,103,23,海光寺/六里台,快餐简餐
五大道文博文创·饮品,4.0,19,,五大道,茶饮果汁
笙记牛肉馍,4.3,55,15,鞍山道沿线,快餐简餐
茶喵喵·猫咖·西餐吧,4.1,12,,滨江道,西餐
华莱士·全鸡汉堡(万德庄店),4.1,170,19,海光寺/六里台,西式快餐
喜捞·盘盘味麻辣烫(国贸店),4.2,345,32,小白楼,麻辣烫
蟹状元大闸蟹·海鲜大礼包(和平旗舰店),4.0,81,826,和平路,大闸蟹
孙友辣牛杂面/粉(和平店),4.3,40,32,鞍山道沿线,面馆
老胜香精品小笼包(新兴路店),4.1,352,19,鞍山道沿线,包子
尚品菜馆,4.2,955,59,滨江道,鲁菜
北京同仁堂•健康饮品咖啡(曲阜道店),4.1,162,27,小白楼,咖啡厅
Ninestar久星咖啡(芷江路店),4.0,23,28,五大道,咖啡厅
麦麦提玫瑰花馕肉馕,4.3,225,12,鞍山道沿线,快餐简餐
luckincoffee瑞幸咖啡(天津和平区国际金融中心店),4.4,78,22,滨江道,咖啡厅
小麻小辣,4.1,213,34,滨江道,干锅/香锅
春川春韩国拌饭(国贸店),4.1,310,35,小白楼,韩式小吃
咏巷老北京炸鸡(华开城店),4.1,27,,滨江道,炸鸡炸串
牛二叔新派麻辣烫•锡纸烤汁饭(天津首店),4.3,55,19,和平路,麻辣烫
麦卡珑双拼比萨(新兴路店),4.0,108,41,鞍山道沿线,比萨
大圆碗(小白楼店),4.3,2527,32,小白楼,快餐简餐
中普茶肆·大理御厨房(五大道店),4.4,240,169,五大道,云南菜|滇菜
郑小胖中式自助餐,4.1,73,16,南市,自助餐
春川春韩国拌饭(西康路店),4.1,242,26,西康路沿线,韩式小吃
禧御贡茶(欧乐店),4.1,339,17,滨江道,茶饮果汁
赵奶奶水饺锅贴•小酒馆(福安大街店),4.1,36,35,南市,东北菜
非尝私厨海鲜烧烤,4.4,191,84,滨江道,海鲜
尕张子新疆抓饭米粉·清真(和平小白楼店),4.1,123,32,小白楼,新疆菜
街 咖啡(滨江道店),4.4,59,14,滨江道,咖啡厅
嘉和一品粥(马场道店),4.1,372,33,西康路沿线,粥店
永和大王(鞍山道店),4.4,1576,22,鞍山道沿线,快餐简餐
星巴克(天津津投广场店),4.1,106,39,南开大学/八里台,咖啡厅
都市锅秀新式热卤(小白楼国贸店),4.3,146,25,小白楼,小吃快餐
宫品海参(和平店),4.1,87,1984,滨江道,更多食品保健
小蛮螺螺蛳粉(汉阳道店),4.2,45,21,西康路沿线,小吃快餐
小穆家牛肉饭(总店),4.4,624,32,海光寺/六里台,快餐简餐
西北羊汤馆,4.0,66,14,和平路,快餐简餐
津门炒饭王(国际金融中心店),4.0,94,18,滨江道,快餐简餐
楊銘宇黄焖鸡米饭(吉林路店),4.0,109,16,和平路,黄焖鸡
沙拉范·轻食暖餐(津塔店),4.1,63,27,和平路,西餐
肯德基(乐宾店),4.4,1040,25,滨江道,西式快餐
南门外•老城里钙奶汤圆(绵阳路店),4.0,36,19,鞍山道沿线,津味小吃
鲜果时间(朗香街店),4.2,179,12,小白楼,茶饮果汁
吉野家(朗香街店),4.2,1244,27,小白楼,日式简餐/快餐
鱼你在一起(恒隆广场店),4.3,237,41,和平路,酸菜鱼/水煮鱼
棒！约翰比萨(小白楼店),4.4,424,56,小白楼,比萨
明星小鸡·韩国滑蛋吐司(博联大厦店),4.1,53,21,西康路沿线,韩式小吃
永和大王(南京路店),4.3,1372,22,海光寺/六里台,快餐简餐
麦当劳(太极园店),4.2,361,24,海光寺/六里台,西式快餐
永和大王(三马路店),4.3,748,21,海光寺/六里台,快餐简餐
珍卤道(玉泉路店),4.0,28,,海光寺/六里台,卤味鸭脖
津门孙姥姥牛肉粉·牛杂面(总店),4.2,569,31,海光寺/六里台,面馆
HOLYHIGH好厉害轻食·沙拉,4.3,184,29,鞍山道沿线,西餐
luckincoffee瑞幸咖啡(万德大厦店),4.1,126,20,海光寺/六里台,咖啡厅
桂发祥(南京路店),4.0,190,145,滨江道,津味小吃
麦当劳(赛顿店),4.0,142,26,西康路沿线,西式快餐
馍界传奇·肉夹馍·手工面(世纪都会店),4.0,540,28,滨江道,快餐简餐
弘茗颢德私房菜,4.4,254,87,滨江道,私房菜
鸭溪大酒楼南市店,4.1,834,43,南市,天津菜
麦当劳(南京路2店),4.4,548,29,五大道,西式快餐
椒小鸡•炒鸡,4.2,47,20,南市,快餐简餐
阿香米线(国贸凯德店),4.2,734,32,小白楼,米线
姥鸭公·手撕鸭王(滨江道店),4.1,79,18,滨江道,烤鸭
厨掌柜陆老师(万德庄直营店),4.2,256,21,海光寺/六里台,快餐简餐
唐肆陆海鲜小排档,4.4,694,93,滨江道,海鲜
門司咖喱蛋包饭(和平大悦城店),4.2,208,34,五大道,日式简餐/快餐
FIERY BURGER 堡正火,4.1,130,12,和平路,西式快餐
嘉和一品粥(小白楼店),4.1,607,30,小白楼,粥店
美尚Meshany酒馆,4.0,356,57,南开大学/八里台,西餐
地道京味·鸭百万·北京烤鸭(南开二马路店),4.2,90,39,海光寺/六里台,烤鸭
阿姨炸串(荣安大街店),4.3,283,17,南市,炸鸡炸串
星巴克(天津友谊新天地商厦店),4.4,426,41,滨江道,咖啡厅
小谷姐姐麻辣拌•麻辣烫(和平路店),4.3,321,22,和平路,麻辣烫
蛋先生·爆蛋吐司(大悦城店),4.3,358,26,南市,西式快餐
素所沙拉(鞍山道店),4.1,159,23,鞍山道沿线,西式快餐
刀小蛮半只鸡过桥米线(南开大悦城店),4.4,793,44,南市,米线
茂源餐厅,4.1,202,44,滨江道,天津菜
斯莫李板面牛杂面(贵州路店),4.2,150,15,西康路沿线,面馆
luckincoffee瑞幸咖啡(金街中原百货店),4.4,222,19,和平路,咖啡厅
美闻比萨(东北角店),4.4,252,50,南市,比萨
堡正火·汉堡炸鸡(和平店),4.2,47,,和平路,西式快餐
花悦时光咖啡简餐,4.0,158,31,五大道,咖啡厅
大圆碗(新兴路店),4.4,1321,33,鞍山道沿线,快餐简餐
黄金比萨(多伦道店),4.0,44,38,南市,比萨
如意馄饨(恒隆广场兴安路店),4.3,172,21,和平路,馄饨|抄手|扁食
luckincoffee瑞幸咖啡(君隆广场店),4.2,150,24,五大道,咖啡厅
明晰家·椒香鸡米饭(总店),4.1,170,18,和平路,快餐简餐
luckincoffee瑞幸咖啡(南开金融街店),4.3,117,21,海光寺/六里台,咖啡厅
luckincoffee瑞幸咖啡(大都会天汇广场店),4.2,153,22,南市,咖啡厅
老胜香包子铺(南市食品街店),4.1,340,21,南市,包子
津门桂荣斋(麻花店),4.1,219,116,和平路,小吃
老天津卫炸酱面(河北路店),4.4,357,22,滨江道,面馆
luckincoffee瑞幸咖啡(新华国金中心店),4.0,77,17,和平路,咖啡厅
肯德基(鞍山西道店),4.4,247,31,海光寺/六里台,西式快餐
高记凉皮炸串(万德庄大街店),4.4,156,18,海光寺/六里台,炸鸡炸串
秀范儿传统石锅拌饭,4.2,52,24,五大道,韩国料理
老狼大盘鸡宽面,4.0,84,18,和平路,快餐简餐
柠檬煲仔饭,4.3,257,21,滨江道,快餐简餐
福源包子铺(四纬路店),4.0,151,18,海光寺/六里台,包子
紫燕百味鸡(新华路店),4.4,630,30,和平路,熟食熏酱
李先生牛肉面(太极园店),4.3,228,30,海光寺/六里台,面馆
赵奶奶水饺锅贴·小酒馆(南门外大街店),4.1,309,34,海光寺/六里台,饺子
肖琪证·鸡丝凉面·米线·热拌面(河北路店),4.3,292,24,滨江道,面馆
小林家常菜馆,4.3,108,27,小白楼,家常菜
袁家板面(西康路店),4.2,265,13,西康路沿线,面馆
锦州烧烤,3.8,36,31,海光寺/六里台,烤串
MissWANG私人定制蛋糕店(和平店),3.8,82,,滨江道,面包烘焙
金发源舌尖牛肉面,4.4,107,19,滨江道,面馆
雅吉居面馆(玉泉路店),4.4,387,18,海光寺/六里台,面馆
极极炭火烤肉(和平店),3.9,553,62,南市,融合烤肉
陈家屯火锅鸡(和平路店),3.9,101,81,和平路,炭火锅
南腔北调·东北钢丝碳烤小串·港式地摊打边炉(万德庄分店),3.9,98,94,海光寺/六里台,烤串
晚板(山西路店),3.7,138,124,滨江道,日本料理
牛魔王烤肉•夜宵,3.8,30,106,五大道,融合烤肉
Mr.渣.制冰(天河城店),3.9,393,18,和平路,冰淇淋
午酒小炸小酒馆,3.9,94,77,滨江道,创意菜
渔鸽仔·烧烤乳鸽海鲜·夜宵(南市店),3.8,74,87,南市,烤串
我想来份水果捞,3.8,53,24,鞍山道沿线,甜品
麻辣诱惑(天津和平店),3.7,8,,小白楼,小龙虾
鸟寿(五大道店),3.5,192,235,五大道,日式烧烤/烤肉
二胖儿涮肉,3.9,315,56,海光寺/六里台,烤串
哈立德·牛肉面,3.8,119,17,南开大学/八里台,面馆
KUXO KUXO芝士蛋糕(滨江道店),3.6,159,32,滨江道,面包烘焙
蜜雪冰城(世纪都会店),3.9,34,6,滨江道,茶饮果汁
延成苑韩式烤肉店(长春道店),3.9,1852,55,滨江道,韩式烤肉
RMB瑞曼巴小酒馆,3.9,26,,滨江道,西餐
港·新港式打边炉,3.8,150,114,小白楼,打边炉/港式火锅
探虾迹小龙虾(和平店),3.9,78,75,鞍山道沿线,小龙虾
八珍烤鸡(宜昌道菜市场店),3.6,1,,西康路沿线,烧烤烤串
周黑鸭(天津和平路地铁站店),3.6,7,,小白楼,卤味鸭脖
焰遇顺德菜,4.1,215,107,五大道,顺德菜
四季羊肉馆,3.9,22,48,滨江道,烤串
台峡糕点(万德庄店),3.8,13,,海光寺/六里台,面包烘焙
九毛小串,3.6,16,,五大道,烤串
腾祥阁大串王婆大虾(玉泉路店),3.7,74,54,海光寺/六里台,烤串
角屋·新派日料(和平大悦城店),3.9,371,95,滨江道,日式烧烤/烤肉
巴焙拉烘焙坊(万德庄店),3.8,987,42,海光寺/六里台,面包烘焙
茶百道(滨江商厦店),3.7,53,16,五大道,茶饮果汁
最香涮羊肉,4.2,1027,71,五大道,老北京火锅
刘记宫廷大糖堆,3.9,35,8,西康路沿线,小吃快餐
開運·焼肉·久屋旗下,3.8,14,,五大道,日式烧烤/烤肉
山海Dreamer·LT,3.8,479,97,五大道,西餐
忆城蜀味烤鱼(欧乐店),3.9,147,54,滨江道,烤鱼
茶百道(万德庄店),3.9,228,17,海光寺/六里台,茶饮果汁
淏哥家深夜酒馆,3.9,27,58,滨江道,小吃快餐
羊老大烧烤店(南开分店),3.9,145,52,海光寺/六里台,烧烤烤串
深夜小巷泥炉羊腿·烧烤·夜宵,3.8,28,116,滨江道,烤羊腿
沪上阿姨鲜果茶(世纪都会店),3.9,352,13,五大道,茶饮果汁
司也手作和菓子(和平大悦城店),3.6,73,39,滨江道,面包烘焙
yoyo甜品台,3.7,107,17,五大道,面包烘焙
蜜雪冰城(滨江道店),3.6,138,6,和平路,茶饮果汁
LELECHA乐乐茶(天津恒隆店),3.9,302,30,和平路,茶饮果汁
十三茶铺(滨江道店),3.8,53,13,滨江道,茶饮果汁
杨记煮食,3.6,1,,鞍山道沿线,特色菜
狗不理(山东路总店),3.6,7227,102,滨江道,天津菜
你好·喜糖兽,3.8,31,21,滨江道,甜品
尚点精品寿司,3.6,12,70,海光寺/六里台,寿司
武汉热干面(天大四季村店),3.9,47,7,海光寺/六里台,小吃快餐
从前咖啡,3.9,23,21,五大道,西餐
盖乐星鲜果茶铺(友谊新天地店),3.9,24,16,滨江道,茶饮果汁
新兰蛋糕(万德庄店),3.8,42,,海光寺/六里台,面包烘焙
楠记喝·小酒,3.8,7,,南市,私房菜
马记大锅煮(和平店),3.9,57,26,和平路,小吃快餐
苏耐斯龙虾·烧烤·虾尾(和平店),3.9,102,33,和平路,烤串
简(日本料理),4.1,115,107,和平路,日本料理
花月日本料理,3.8,455,160,五大道,日式自助
UNKNOWN,3.7,4,,五大道,茶饮果汁
忒硬可甲鱼膳食滋补坊,3.8,4,,南市,私房菜
津A新派私房菜·私人定制轰趴,3.8,163,60,南市,天津菜
匠酱将面家,3.9,179,59,五大道,日式面条
神牛作芝士烤牛肉卷,3.8,4,,南市,牛排
金泽大酒店·卢塞恩餐厅,3.7,139,140,海光寺/六里台,天津菜
CoCo都可(和平路店),3.7,77,20,和平路,茶饮果汁
美珍香(天津现代城店),3.6,36,74,五大道,零食
愉肴麻辣香锅(友谊新天地店),3.8,266,46,滨江道,干锅/香锅
砂锅居(四平西道店),4.3,1729,53,鞍山道沿线,京菜
好利来(和平路一店),3.9,288,47,小白楼,面包烘焙
不眠海 sober hi(和平区山西路247号店),3.9,15,7,滨江道,咖啡厅
乳酪蛋挞王(滨江道店),3.8,336,19,滨江道,面包烘焙
和气桃桃(欧乐时尚广场店),3.9,100,16,滨江道,茶饮果汁
禾宴日式烤肉•清真,3.8,192,129,滨江道,日式烧烤/烤肉
巴黎贝甜(南开三马路店),3.9,311,52,海光寺/六里台,面包烘焙
法国左岸时光精品蛋糕店,3.8,16,60,南市,面包烘焙
蜜雪冰城(和平路店),3.9,185,7,和平路,茶饮果汁
果蔬の恋 LOVE OF FRUITS,3.5,10,,滨江道,零食
欧罗巴纸上烤鱼·川菜·烧烤·宵夜(小白楼店),3.8,358,62,小白楼,川菜馆
OH CAKE蛋糕甜品(乐宾店),3.9,44,,滨江道,甜品
沪上阿姨鲜果茶(滨江道欧乐店),3.7,173,15,滨江道,茶饮果汁
一方天海鲜烧烤大排档,3.8,72,45,南市,融合烤肉
正新鸡排·炸鸡烧烤(天河城店),3.9,162,14,和平路,炸鸡炸串
旋转小火锅麻辣烫,3.5,57,31,滨江道,麻辣烫
张师傅美味饭点烤肉拌饭,3.7,12,,海光寺/六里台,快餐简餐
佳园私宴,3.9,3,,滨江道,私房菜
三桃园寿桃(海光寺店),3.7,25,269,海光寺/六里台,面包烘焙
天津二斗栗子(贵阳路店),3.9,114,33,鞍山道沿线,栗子/干果
川合顺麻辣香锅(伊势丹店),3.8,387,48,五大道,干锅/香锅
小牛町日式の酱汁烧肉饭(第8档口联合力量万达美食城店),3.6,1,,南市,日本料理
回味斋素菜(气象台路店),3.7,38,18,西康路沿线,素食
咕谷蒸鸡滋补蒸鸡(云栖里店),3.7,18,37,海光寺/六里台,炸鸡炸串
津味美食馆儿,3.8,32,,滨江道,天津菜
甜意渐现(创意和平店),3.9,43,,滨江道,面包烘焙
沪上阿姨鲜果茶(滨江商厦店),3.9,35,,滨江道,茶饮果汁
老城里钙奶汤圆(长沙路店),3.8,10,,五大道,津味小吃
冨久内拉面(和平店),3.9,45,34,南市,日式面条
luckincoffee瑞幸咖啡(港湾中心店),3.8,43,19,小白楼,咖啡厅
大發喜·羊蝎子,3.6,23,,南市,羊蝎子火锅
徽和板面牛杂面家常菜,3.8,4,,南市,家常菜
阿一串烤海鲜音乐自助餐厅,3.9,2619,69,滨江道,自助餐
华晓晓新疆炒米粉,3.8,8,,小白楼,新疆菜
图图家冰品(滨江道店),3.9,102,18,滨江道,冰淇淋
無非小馆,3.8,3,,滨江道,创意菜
糕功夫•国潮点心局(滨江道店),3.8,5,,和平路,面包烘焙
常乐Craft Beer精酿,3.9,37,43,滨江道,饮品店
津乐园(鞍山道店),3.8,303,32,鞍山道沿线,面包烘焙
N多寿司(德邻里店),3.9,55,23,海光寺/六里台,寿司
有鱼有肉妈妈菜(鞍山道店),3.9,172,50,鞍山道沿线,天津菜
酥小蒙牛肉饼(乐宾百货店),3.9,40,7,滨江道,快餐简餐
宽窄巷·油泼冒菜,3.5,1,,和平路,串串香
暖味火锅,3.8,101,41,西康路沿线,四川火锅
米诺CAKE订制馆,3.9,375,68,滨江道,面包烘焙
岚晟轩私房菜,3.5,17,,五大道,私房菜
牛约堡·手作牛肉汉堡(和平品质店),3.8,16,,和平路,西餐
诚基兄弟螺蛳粉·桂林米粉(天津店),3.8,186,16,滨江道,桂林米粉
果木烤鸭(贵阳路店),3.8,15,50,鞍山道沿线,烤鸭
Dix Neuf依旧·咖啡艺术空间,3.8,16,,滨江道,咖啡厅
星巴克(天津友谊精品广场店),3.9,35,33,小白楼,咖啡厅
杨小涛·一颗烤梨糖水铺,3.7,1,,和平路,甜品
象蔬蔬轻食沙拉,3.7,4,,南市,西餐
王老六铁锅炖鱼(海光寺店),3.9,56,90,海光寺/六里台,东北菜
香港威特瑞茶餐厅,3.9,2257,64,小白楼,茶餐厅
喜楽の本町,3.6,283,97,五大道,日本料理
天瑞糖坊,3.9,64,18,海光寺/六里台,甜品
芥岛拌饭,3.8,45,22,鞍山道沿线,韩国料理
蜜雪冰城(万德庄大街店),3.9,141,6,海光寺/六里台,茶饮果汁
津泰莱酒楼(滨江道店),3.7,876,66,滨江道,天津菜
王老太小海鲜(长沙路店),3.8,8,,五大道,海鲜
luckin coffee瑞幸咖啡(乐宾百货店),3.7,11,,滨江道,咖啡厅
回治清真食品经营部(万全道店),3.6,1,,鞍山道沿线,零食
全牛道·川小馆乐山跷脚牛肉(国金中心店),3.7,11,,滨江道,川菜馆
彤彤家筋头巴脑一锅香,3.6,24,,和平路,潮汕牛肉火锅
古早外婆锅贴·蒸饺·面,3.9,53,24,海光寺/六里台,生煎/锅贴
花间糖定制蛋糕(滨江道店),3.5,4,,五大道,面包烘焙
港堡汉堡(和平店),3.8,39,17,鞍山道沿线,西式快餐
侬的生煎·捞菜,3.9,4913,26,滨江道,生煎/锅贴
喜百乐Fruteria cipeles鲜果汁奶茶店,3.7,16,,五大道,茶饮果汁
山东小酒馆,3.8,20,,和平路,鲁菜
麦当劳(保利购物广场店),3.7,220,31,南市,西式快餐
天津百饺园(福安大街店),3.8,45,43,南市,饺子
南门金峰辣子鸡(天津店),3.8,10,,南市,贵州菜|黔菜
蜜雪冰城(赤峰道店),3.7,8,,和平路,茶饮果汁
九索肠粉皇·粥粉面饭(南开店),3.6,1,,海光寺/六里台,粤式茶点
零柒柒,3.9,5,,海光寺/六里台,零食
思诺烘焙(营口道店),3.6,36,96,五大道,面包烘焙
沪上阿姨鲜果茶(卫津路店),3.9,49,14,西康路沿线,茶饮果汁
福季菜馆,3.7,111,18,小白楼,天津菜
阳光明媚涮涮锅,3.8,802,33,滨江道,小火锅
桂发祥(西湖道店),3.8,30,44,海光寺/六里台,津味小吃
咩咩羊铜锅涮羊肉,3.6,76,79,西康路沿线,老北京火锅
东北农家菜馆(气象台路店),3.5,542,54,西康路沿线,东北菜
沪上阿姨鲜果茶(鞍山道地铁站店),3.7,164,15,鞍山道沿线,茶饮果汁
星巴克(天津津汇店),3.9,42,36,五大道,咖啡厅
灶火台农家地锅鸡·贴饼(天津南开店),3.8,41,,海光寺/六里台,特色菜
基玉食肆 蒙餐,3.9,32,73,滨江道,内蒙菜
天津百饺园(贵阳路店),3.8,93,38,滨江道,饺子
杨国福麻辣烫(万德庄大街店),3.7,115,27,海光寺/六里台,麻辣烫
BELLA+三文鱼·波奇饭·咖啡(山西路店),3.9,23,,滨江道,日本料理
津门永胜·老永胜包子铺(哈尔滨道总店),3.7,1540,21,滨江道,包子
阳澄湖大闸蟹 海鲜大礼包(南京路店),3.9,58,127,鞍山道沿线,大闸蟹
桂发祥(卫津路店),3.7,125,55,南开大学/八里台,津味小吃
甜意渐现(低糖创意南开店),3.6,33,,南市,面包烘焙
拾克甜蛋糕(大悦城店),3.9,16,,海光寺/六里台,甜品
嘉和一品粥(海光寺店),3.8,1413,31,海光寺/六里台,粥店
西雅苏新疆炒米粉,3.7,2,,小白楼,新疆菜
清和传家饺子(三马路店),3.5,154,40,海光寺/六里台,饺子
沪上阿姨鲜果茶(三友里店),3.9,186,14,西康路沿线,茶饮果汁
爱都心语手工烘焙坊(新兴路店),3.9,120,27,鞍山道沿线,面包烘焙
Momo冰品·生巧汤圆(西湖道店),3.9,47,,海光寺/六里台,冰淇淋
同来顺烧烤餐厅,4.9,3339,45,滨江道,烧烤烤串
麻辣涮串(滨江道店),3.9,81,23,和平路,串串香
Milan Dining&Bar米兰西餐吧,3.9,11,,五大道,咖啡厅
蒙原羊内蒙特色羊肉馆,3.6,4,,和平路,内蒙菜
McCafé 麦咖啡(和平大悦城店),3.6,20,,滨江道,咖啡厅
吴记三合益凉皮凉面(和平店),3.8,9,,鞍山道沿线,快餐简餐
姐俩刀削面土豆粉(城基中心店),3.7,24,20,滨江道,小吃快餐
작은 9·小玖韩国料理(欧乐店),3.9,240,59,滨江道,韩国料理
葵花子咖啡厅,3.8,54,28,五大道,咖啡厅
大阪Osaka食堂外带寿司(和平店),3.9,70,23,南市,寿司
榴芒小公举千层蛋糕店,3.9,66,44,五大道,甜品
山鸡的故事火锅鸡,3.7,25,78,南市,火锅
七心日本料理,3.9,38,150,滨江道,日本料理
窑鸡王(天津和平店),3.7,57,51,海光寺/六里台,快餐简餐
麦田儿•蛋糕甜品WHEATLAND(海光寺店),3.8,37,119,海光寺/六里台,面包烘焙
仙芋果园芋圆仙草水果捞,3.7,14,,海光寺/六里台,甜品
街坊水饺(贵州路店),3.8,44,18,西康路沿线,饺子
星巴克(天津保利广场店),3.9,53,33,和平路,咖啡厅
叁百斤臭豆腐肥肠鸡,3.5,3,,五大道,火锅
和裕深井烧卤饭(国贸店),3.9,263,32,小白楼,快餐简餐
粥饭世家,3.8,7,,南市,粥店
安莫希林,3.5,11,,南市,咖啡厅
爱玛面包房(福安菜市场店),3.7,15,,南市,面包烘焙
源百烩·沙县小吃(福安大街店),3.5,10,,南市,快餐简餐
咏巷老北京炸鸡(国际商城店),3.5,1,,滨江道,炸鸡炸串
壹膳营养月子餐中心(总店),3.5,18,,海光寺/六里台,其他中餐
乌白咖啡 W&B COFFEE,3.9,9,20,滨江道,咖啡厅
来一锅·三汁焖锅(和平店),3.5,13,,鞍山道沿线,焖锅
茶太良品·京派茶饮(号外店),3.7,109,15,五大道,茶饮果汁
新兰蛋糕(小白楼店),3.7,39,,小白楼,面包烘焙
锅圈食汇火锅烧烤食材超市(万德庄店),3.9,13,70,海光寺/六里台,生鲜
那里小罐半糖酸奶捞(和平店),3.9,5,,南市,酸奶
Bigbear韩国炸鸡,3.6,33,26,鞍山道沿线,炸鸡炸串
宋掌门花甲粉(欧乐店),3.8,284,21,滨江道,快餐简餐
刘记炸串(哈密道店),3.9,61,15,鞍山道沿线,炸鸡炸串
lucky·部队火锅面(天津店),3.5,1,,滨江道,火锅
贡茶(西湖道店),3.8,24,7,海光寺/六里台,茶饮果汁
狗不理(天津大学店),3.7,539,45,海光寺/六里台,天津菜
疯狂披萨(和平店),3.7,59,32,小白楼,比萨
小满潮汕猪肚鸡(小白楼店),3.8,18,,小白楼,猪肚鸡火锅
米兰西饼(和平店),3.8,110,,海光寺/六里台,面包烘焙
湾桥村牛腩米线(同安新里店),3.7,9,,西康路沿线,米线
小花小甲·花甲粉 渔粉,3.8,31,18,滨江道,米线
聂大姑爱心休闲餐吧,3.9,22,,西康路沿线,快餐简餐
清真·八吉祥炸串,3.8,91,20,五大道,炸鸡炸串
旺来客涮烤时尚串吧,3.9,22,38,五大道,小火锅
茶与哈尼,3.9,24,,和平路,茶饮果汁
禧华轩私房菜,3.8,92,194,鞍山道沿线,私房菜
喵喵酱の茶(鞍山道店),3.9,47,22,鞍山道沿线,茶饮果汁
津味小厨鲍鱼饭,3.9,82,36,海光寺/六里台,天津菜
luckincoffee瑞幸咖啡(天津中心店),3.8,50,19,滨江道,咖啡厅
粉红爆·新疆炒米粉(和平万达店),3.5,3,,南市,新疆菜
蜀湘聚,3.9,18,,滨江道,湘菜
欧非客蛋糕(宜昌道店),3.8,28,,西康路沿线,面包烘焙
MissWANG私人定制蛋糕店(小白楼店),3.7,48,339,小白楼,面包烘焙
巴拿米蛋糕(和平店),3.7,911,129,五大道,面包烘焙
欧非客蛋糕(绵阳道店),3.7,37,,西康路沿线,面包烘焙
觅果记水果捞,3.7,3,,鞍山道沿线,甜品
香米宝西饼,3.7,53,155,和平路,面包烘焙
君宝生日蛋糕,3.5,8,,南市,面包烘焙
Bake-A-Boo贝格龙儿童蛋糕(小白楼店),3.6,15,,小白楼,面包烘焙
新兰蛋糕,3.5,8,,海光寺/六里台,面包烘焙
欧非客蛋糕(多伦道店),3.5,14,,海光寺/六里台,面包烘焙
辣菲の辣小菲甜品工场(滨江道店),3.7,39,51,滨江道,咖啡厅
张记驴肉(广西路店),3.9,60,38,五大道,小吃
斯莫李板面牛杂面(营口道店),3.9,24,,小白楼,面馆
糖衣果·冰糖葫芦(号外店),3.8,26,,滨江道,特色菜
瑞幸咖啡luckincoffee(奥林匹克大厦店),3.8,42,19,西康路沿线,咖啡厅
贡茶GONG CHA(滨江道店),3.8,78,11,滨江道,茶饮果汁
信乐·技研,3.9,24,34,和平路,咖啡厅
华莱士·全鸡汉堡(开封道店),3.6,52,24,小白楼,西式快餐
McCafé 麦咖啡(鞍山道店),3.6,10,,鞍山道沿线,咖啡厅
阿壹牛杂(国际商场店),3.9,12,,滨江道,小吃快餐
小锅小灶,3.7,1,,滨江道,川菜馆
老幼乐包子铺(食品街店),3.8,782,26,南市,包子
牛牛牛肉饭,3.8,25,,鞍山道沿线,快餐简餐
拌上瘾精品拌饭,3.7,7,,西康路沿线,韩国料理
豫乡烩面馆,3.8,12,,南开大学/八里台,小吃快餐
星巴克(天津万通中心店),3.8,12,,小白楼,咖啡厅
奔跑的寿司酱(南开店),3.6,25,41,海光寺/六里台,寿司
柠海奶茶,3.8,19,,滨江道,茶饮果汁
老友记黄焖鸡米饭(河南路店),3.7,62,20,滨江道,黄焖鸡
节奏潮饮,3.7,16,,南市,茶饮果汁
不眠海Sober Hi(君隆广场店),3.7,1,,五大道,饮品店
不眠海 Sober Hi(滨江道82号店),3.6,3,,和平路,饮品店
和気桃桃(小白楼店),3.6,1,,小白楼,茶饮果汁
经联餐厅,3.6,50,32,海光寺/六里台,天津菜
大成盛记(总医院店),3.7,332,20,鞍山道沿线,快餐简餐
McCafé 麦咖啡(大都会店),3.7,3,,南市,咖啡厅
不眠海 Sober Hi(南京路环贸商务中心101号店),3.7,29,17,滨江道,咖啡厅
如意馄饨(万德庄大街店),3.9,150,19,海光寺/六里台,馄饨|抄手|扁食
大圆碗(山东路店),3.7,2,,滨江道,快餐简餐
luckincoffee瑞幸咖啡(万通中心店),3.8,40,20,小白楼,咖啡厅
和裕深井烧卤饭(国贸店),3.9,263,32,小白楼,快餐简餐
津蜂园,3.8,23,94,南市,保健品
百变家私房饭(同安道店),3.6,6,,西康路沿线,其他中餐
香河肉饼 香榭里店,3.8,171,32,西康路沿线,天津菜
宴一食牛肉饸饹面,3.8,48,23,滨江道,面馆
崔记肠粉(南京路店),3.7,10,,鞍山道沿线,米线
蜜雪冰城(和平路店),3.9,185,7,和平路,茶饮果汁
阳澄湖大闸蟹 海鲜大礼包(和平路店),3.7,13,,和平路,大闸蟹
全牛道·川小馆乐山跷脚牛肉(国金中心店),3.7,11,,滨江道,川菜馆
阳澄湖大闸蟹,3.6,4,,海光寺/六里台,大闸蟹
鼎记大闸蟹(南开店),3.5,10,92,海光寺/六里台,大闸蟹
蟹之家水产(和平店),3.5,3,,鞍山道沿线,海鲜
阳澄湖大闸蟹(南丰路店),3.5,4,,海光寺/六里台,大闸蟹
思诺烘焙(津湾广场外卖店),3.7,20,96,和平路,其他美食
阳澄湖牌大闸蟹,3.5,1,,南市,大闸蟹
武汉热干面(天大四季村店),3.9,47,7,海光寺/六里台,小吃快餐
池田寿司 凯德国贸店,3.8,6,,小白楼,寿司
庆丰包子铺(贵阳路店),3.8,579,22,西康路沿线,包子
堡正火汉堡·小吃·奶茶(南开店),3.8,150,18,海光寺/六里台,西餐
杨国福麻辣烫(长春道店),3.8,365,26,滨江道,麻辣烫
星巴克(天津合生财富广场店),3.5,1,,和平路,咖啡厅
吃吾厨轻食简餐(南门外大街店),3.7,16,,海光寺/六里台,快餐简餐
利溢和酱制品,3.6,11,,西康路沿线,生鲜
清真中国兰州牛肉拉面,3.7,28,21,南市,面馆
luckincoffee瑞幸咖啡(中国民生银行店),3.8,28,20,小白楼,咖啡厅
馍界传奇·肉夹馍·手工面(国贸购物中心店),3.8,315,29,小白楼,快餐简餐
中国兰州拉面(拉萨道店),3.8,19,16,海光寺/六里台,面馆
津门永胜·老永胜包子铺(西湖道店),3.8,425,19,海光寺/六里台,快餐简餐
川合顺麻辣香锅(伊势丹店),3.8,387,48,五大道,干锅/香锅
辣风芹•新疆炒米粉,3.9,25,,滨江道,新疆菜
必胜客(保利精选店),3.5,22,61,南市,比萨
luckincoffee瑞幸咖啡(平安大厦店),3.9,41,15,小白楼,咖啡厅
不眠海 Sober Hi(营口道店),3.9,21,9,滨江道,咖啡厅
椰子鸡汤饭(天津小白楼店),3.5,2,,小白楼,快餐简餐
星岛STAR,3.7,20,21,小白楼,比萨
肯德基(凯德国贸店),3.6,247,31,小白楼,西式快餐
三小姐的蔬房.轻食沙拉(和平店),3.7,1,,鞍山道沿线,西餐
河间名吃驴肉火烧店(南市店),3.9,94,38,南市,其他中餐
小蛮椒麻辣烫·麻辣拌(四纬路店),3.8,25,22,海光寺/六里台,麻辣烫
骨味地道骨汤麻辣烫,3.9,161,20,西康路沿线,麻辣烫
老杨家煎饼果子,3.9,37,7,五大道,快餐简餐
豆姥爷现炒快餐,3.8,64,27,南市,快餐简餐
曼玲粥店(西康路店),3.8,29,22,西康路沿线,粥店
津八零味·黄汤拉面菜馆(和平店),3.8,20,21,南市,面馆
老厨艺好和粥,3.9,4,,鞍山道沿线,粥店
第1佳大鸡排(卫津路店),3.7,39,15,西康路沿线,炸鸡炸串
熊家·韩式炸鸡(新文化花园店),3.8,51,24,南市,炸鸡炸串
井盒炒饭(和平店),3.7,50,18,和平路,快餐简餐
来一锅过桥米线,3.5,13,,海光寺/六里台,米线
杨国福麻辣烫(友谊新天地店),3.8,80,26,滨江道,麻辣烫
饃界张公子(河川大厦店),3.9,451,28,海光寺/六里台,快餐简餐
京鸭记•北京烤鸭(南开二马路店),3.7,30,35,南市,烤鸭
麦多馅饼(南开二马路店),3.7,9,,南市,小吃
香佳园过桥米线(滨江道店),3.8,181,17,滨江道,米线
五口酱牛肉,3.5,6,,南市,零食
果蔬の恋 LOVE OF FRUITS,3.5,10,,滨江道,零食
McCafé 麦咖啡(滨江店),3.8,20,12,和平路,咖啡厅
不眠海 Sober Hi(和平区成都道191号店),3.8,9,,西康路沿线,咖啡厅
McCafé 麦咖啡(国际商场店),3.8,7,,滨江道,咖啡厅
luckincoffee瑞幸咖啡(海珠大厦店),3.8,44,25,小白楼,咖啡厅
一丛咖啡,3.8,10,30,滨江道,咖啡厅
McCafé 麦咖啡(滨江二店),3.7,11,,滨江道,咖啡厅
云可咖啡,3.7,14,,五大道,咖啡厅
McCafé 麦咖啡(滨江四店),3.6,8,,和平路,咖啡厅
McCafé 麦咖啡(荣业大街店),3.7,9,,南市,咖啡厅
McCafé 麦咖啡(百货大楼店),3.7,4,,和平路,咖啡厅
蜀小仟干拌冒菜(鞍山道店),3.7,11,,海光寺/六里台,快餐简餐
McCafé 麦咖啡(卫津路学府店),3.6,4,,西康路沿线,咖啡厅
McCafé 麦咖啡(赛顿店),3.6,5,,西康路沿线,咖啡厅
McCafé 麦咖啡(食品街店),3.6,9,,南市,咖啡厅
McCafé 麦咖啡(张自忠路店),3.5,7,,和平路,咖啡厅
不眠海 Sober Hi(河川大厦店),3.5,1,,鞍山道沿线,咖啡厅
湾桥村牛腩米线(同安新里店),3.7,10,,西康路沿线,米线
馨园炸香鸡,3.8,7,,西康路沿线,炸鸡炸串
泰粒·泰式炒饭&冬阴功汤·饭·粉,3.7,1,,海光寺/六里台,小吃
沪上阿姨鲜果茶(三友里店),3.9,186,14,西康路沿线,茶饮果汁
街坊水饺(贵州路店),3.8,44,18,西康路沿线,饺子
黄饷·咖喱蛋包饭(鞍山道店),3.8,7,,和平路,日式简餐/快餐
华莱士·全鸡汉堡(哈密道店),3.7,57,18,小白楼,西式快餐
华莱士·全鸡汉堡(大悦城店),3.9,181,19,南市,西式快餐
那里小罐半糖酸奶捞(和平店),3.9,5,,南市,酸奶
柠海奶茶,3.8,19,,滨江道,茶饮果汁
泡泡蓝(汇文中学店),3.6,5,,鞍山道沿线,冰淇淋
老八驴肉火烧,3.8,7,,滨江道,其他中餐
河间驴肉火烧,3.7,6,,五大道,其他中餐
我家那粉儿传奇花甲,3.8,171,24,五大道,米线
山西面馆(气象台路店),3.7,58,26,西康路沿线,面馆
百饺园(南开二马路店),3.8,9,,海光寺/六里台,饺子
麦多和烘烤馅饼,3.9,5,,西康路沿线,快餐简餐
喱喱酱咖喱蛋包饭,3.9,57,32,鞍山道沿线,日式简餐/快餐
张记驴肉(广西路店),3.9,60,38,五大道,小吃
麦多馅饼(卫津路店),3.8,22,,南开大学/八里台,快餐简餐
食必思黄焖鸡米饭(和平店),3.8,332,19,海光寺/六里台,黄焖鸡
小馋猫酸菜鱼米饭(吉林路店),3.8,80,19,和平路,快餐简餐
凡仔汉堡(南马路店),3.8,19,,南市,西式快餐
老城里钙奶汤圆(长沙路店),3.8,10,,五大道,津味小吃
紫燕百味鸡(荣安街店),3.8,108,32,南市,熟食熏酱
金麒麟驴肉火烧(南开四纬路店),3.8,45,16,海光寺/六里台,快餐简餐
小欢快餐,3.8,20,9,小白楼,快餐简餐
桂发祥(西湖道店),3.8,30,44,海光寺/六里台,津味小吃
紫燕百味鸡(宜昌道店),3.7,214,27,西康路沿线,熟食熏酱
辣啦辣啦黄焖鸡米饭(南开二马路店),3.7,16,22,海光寺/六里台,黄焖鸡
如意馄饨(总医院店),3.7,106,20,海光寺/六里台,馄饨|抄手|扁食
阿甘锅盔(南京路伊势丹店),3.7,11,,滨江道,小吃快餐
三可手工虾仁水饺,3.7,10,25,鞍山道沿线,饺子
泰泰蛋包饭,3.7,1,,海光寺/六里台,日式简餐/快餐
吉利多汉堡,3.6,1,,滨江道,西式快餐
517炸排骨(南开店),3.5,4,,海光寺/六里台,炸鸡炸串
馋嘴便当·炒饭·炒面(新天地美食城店),3.5,2,,和平路,小吃
壹粥七天(同安道店),3.5,16,,西康路沿线,粥店
干粘大饼鸡蛋,3.5,5,,海光寺/六里台,快餐简餐
壹只蟹蟹煲饭(和平店),3.5,7,,南市,快餐简餐
台湾卤肉牛排饭(河南路店),3.5,4,,鞍山道沿线,快餐简餐
黄焖鸡米饭(许记快餐),3.5,7,,鞍山道沿线,黄焖鸡
老城街小面(小白楼店),3.9,147,22,小白楼,面馆
阿依扎新疆美食(和平万达店),3.7,1,,南市,新疆菜
鸭百万·北京烤鸭(鞍山道店),3.9,26,35,鞍山道沿线,烤鸭
阿甘果木烤鸭(鞍山道店),3.9,65,33,和平路,烤鸭
福方北京烤鸭,3.6,11,20,南市,烤鸭
草本香麻辣香锅·麻辣烫,3.6,818,41,和平路,干锅/香锅
福康泰黄焖鸡米饭·烤鱼饭,3.7,12,,和平路,烤鱼
川辽餐厅(长春道店),3.7,34,31,和平路,川菜馆
津味捞面,3.5,3,,南市,面馆
津卫喜·面馆(和平店),3.8,42,16,和平路,面馆
大姑椒麻鸡,3.6,2,,南市,新疆菜
大馅水饺家常菜,3.8,14,20,海光寺/六里台,家常菜
老城街小面(禄安大街店),3.8,100,17,和平路,面馆
张一凡牛杂面(安善里店),3.8,13,20,小白楼,面馆
中国兰州泓鼎牛肉面,3.7,38,15,海光寺/六里台,面馆
程记面馆(吉林路店),3.5,1,,和平路,面馆
吾自慢·二番煮,4.9,634,172,五大道,日本料理
锦苑私房菜(五大道店),3.8,62,208,五大道,私房菜
旮旯小犟骨自助骨头锅(鞍山道店),3.4,69,37,鞍山道沿线,自助餐
鱼鱼鱼居酒屋,4.9,258,294,滨江道,日本料理
海底捞火锅(吉利大厦店),4.9,13549,100,滨江道,四川火锅
WE Brewery,4.9,365,87,五大道,西餐
萌啊莫·缘素西餐厅(五大道店),4.9,2580,116,五大道,素食
羽深肉铺 Steak & Wine(成都道二店),4.9,2614,189,西康路沿线,西餐
星巴克臻选(天津恒隆广场旗舰店),4.8,6652,75,和平路,咖啡厅
桥岚·巷子鲜活河豚鱼(专门店),4.8,552,269,五大道,日本料理
麺圃(营口道店),4.8,1207,60,滨江道,日式面条
哥老官重庆美蛙鱼头(天河城店),4.8,9858,142,和平路,重庆火锅
松川日料(云南路店),4.9,955,178,五大道,日本料理
登·寿司,4.9,396,1753,五大道,日本料理
BONBURGER 汉堡Bistro,4.9,731,116,滨江道,西餐
Arome·馥墨·生日蛋糕(岳阳道店),4.8,1579,69,五大道,甜品
Nudino(五大道店),4.8,281,241,五大道,西餐
Browns勃朗斯西餐厅(五大道店),4.8,4288,211,五大道,西餐
Osteria意大利餐厅,4.9,1049,178,滨江道,西餐
咖非颂Coffice,4.8,2195,64,五大道,咖啡厅
二十四桥,4.9,292,1198,五大道,日本料理
大渔铁板烧(天河城店),4.9,2945,222,和平路,日式铁板烧
Godiva(南开大悦城店),4.9,3266,55,南市,冰淇淋
恩宏德餐馆(甘肃路店),4.8,1357,77,鞍山道沿线,天津菜
Normal cafe(五大道店),4.8,1184,51,五大道,咖啡厅
焱垚,3.5,71,111,滨江道,日式烧烤/烤肉
喜乐巷·面·新派精良手工面馆,4.8,2402,79,五大道,私房菜
Tubestation站点比萨(和平大悦城店),4.8,6857,85,滨江道,比萨
Mamakids亲子餐厅(M PLAZA店),4.9,1558,162,滨江道,西餐
江南古镇味道·私房菜,4.8,783,62,海光寺/六里台,私房菜
Paku·man手工汉堡·精酿,4.8,911,81,鞍山道沿线,西餐
关中老碗咥面(同安道店),4.9,3813,27,西康路沿线,面馆
疯羊咖啡,4.8,358,84,南市,咖啡厅
百乐串串香,3.4,307,65,五大道,串串香
THE CORNER · ACADEMY(哈尔滨道1店),4.8,710,117,滨江道,咖啡厅
DECADE CAFE,4.8,1432,69,滨江道,咖啡厅
山上下居酒屋(天河城店),4.9,5243,142,和平路,日本料理
刨大人冰品(滨江道店),4.8,949,17,滨江道,冰淇淋
和膳东北菜馆,3.4,170,58,五大道,东北菜
Godiva(海信广场店),4.8,629,56,小白楼,冰淇淋
山上下居酒屋(海信广场店),4.9,2505,137,小白楼,日本料理
楊记切糕,4.8,587,19,西康路沿线,面包烘焙
明家·三鲜打卤面,4.8,991,27,五大道,面馆
定格 Rester Café&Pub(五大道店),4.8,2562,78,五大道,咖啡厅
老味沙拉(岳湖道店),4.8,364,28,海光寺/六里台,西餐
小吾厨房(和平大悦城店),4.8,4920,88,滨江道,创意菜
书亦烧仙草(滨江道店),4.8,1656,13,和平路,茶饮果汁
pan&tap西班牙餐厅,3.2,134,129,五大道,西餐
西西弗矢量咖啡(天津海信广场店),4.8,1041,56,小白楼,咖啡厅
Moi café 莫一咖啡馆(五大道店),4.8,1084,50,五大道,咖啡厅
中栗华栗子.粽子(鞍山道店),4.8,1846,26,鞍山道沿线,津味小吃
刘记私房麻辣香锅,3.4,79,47,滨江道,干锅/香锅
菉予茶寮(五大道店),4.8,567,56,五大道,茶饮果汁
来喜儿(五大道店),4.8,1292,55,五大道,咖啡厅
Tubestation站点比萨(天河城店),4.8,235,76,和平路,比萨
桑记糖坊(五大道店),4.8,842,32,五大道,津味小吃
穆记炸串,3.4,2,,南市,炸鸡炸串
云上千禾云南味(五大道店),4.8,1760,94,五大道,云南菜|滇菜
永聚兴·津门老味道,4.8,986,32,海光寺/六里台,津味小吃
小吾厨房(海信广场店),4.8,789,98,小白楼,粤菜馆
团圆粘食坊,4.8,424,26,西康路沿线,津味小吃
老城小巷大排档(滨江道店),3.2,37,66,滨江道,天津菜
太二酸菜鱼(天津天河城店),4.9,4316,91,滨江道,酸菜鱼/水煮鱼
烟火味小食堂,4.8,340,93,五大道,特色菜
嗑学制造所·中式控卡轻食,4.9,80,42,五大道,西餐
吃好喝好(老店鞍山道店),4.5,882,52,鞍山道沿线,津味小吃
沏佰杯(号外店),4.8,820,16,滨江道,茶饮果汁
弹丸滋地(天河城店),3.3,238,15,和平路,小吃快餐
福旺吃茶店,4.8,250,43,鞍山道沿线,饮品店
壹口锣•临沂炒鸡(天津店),3.4,,,海光寺/六里台,鲁菜
大津海味,3.0,50,60,南市,其他中餐
田老憨•大碗老式麻辣烫(和平店),3.3,9,,和平路,麻辣烫
百品聚旋转火锅(电台道店),3.2,155,36,南开大学/八里台,小火锅
一元串串香,3.4,,,南市,串串香
甜酷·花间糖定制蛋糕(东马路店),3.3,5,,南市,面包烘焙
不眠海 Sober Hi(天津国际大厦店),3.4,1,,五大道,饮品店
McCafé 麦咖啡(友谊宾馆店),3.2,6,34,小白楼,咖啡厅
瑞同烤翅,4.6,320,51,滨江道,烤翅
蟹之家(和平店),3.2,11,,鞍山道沿线,大闸蟹
Zero two轻食沙拉,3.2,1,,南市,西餐
中天和記·天一花甲粉(总部),4.8,457,16,和平路,海鲜
正宗重庆酸辣粉(南开二马路店),3.4,4,,海光寺/六里台,小吃快餐
小树林水煮鱼(卫津路店),4.8,1395,71,鞍山道沿线,酸菜鱼/水煮鱼
店里只有红烧肉(南开店),3.2,13,,海光寺/六里台,快餐简餐
小陈熏鸡(贵阳路店),3.3,21,23,五大道,熟食熏酱
不眠海 Sober Hi(新汇华庭店),3.4,5,,南市,咖啡厅
麦多馅饼(西康路店),3.3,29,,西康路沿线,快餐简餐
赣味人家,4.8,136,51,和平路,江西菜
湖蛮子湘菜馆·小锅现炒(快乐星厨美食城店),3.3,5,,海光寺/六里台,湘菜
日月星食坊,3.4,,,鞍山道沿线,农家菜
煮小篓盘盘麻辣烫(小白楼店),3.4,10,,小白楼,麻辣烫
不眠海 Sober Hi(巨贝大厦E座店),3.3,1,,鞍山道沿线,咖啡厅
贡茶GONGCHA(南京路店),3.4,2,,滨江道,茶饮果汁
阿花的茶茶,3.4,1,,南市,茶饮果汁
吉祥馄饨(天津中心店),3.4,41,24,和平路,馄饨|抄手|扁食
太太好粥,3.4,,,海光寺/六里台,粥店
张记包子铺(昆明路店),3.4,4,,西康路沿线,包子
杨国福麻辣烫(开封道店),3.4,48,27,小白楼,麻辣烫
尖绝牛肉板面(大悦城店),3.3,17,15,南市,面馆
梁子刨冰王(西湖道店),4.7,654,15,海光寺/六里台,冰淇淋
范记白吉馍,4.1,91,9,海光寺/六里台,快餐简餐
百品聚旋转火锅(万德庄店),4.6,760,31,海光寺/六里台,小火锅
漫咖啡(民园店),4.6,4451,50,五大道,咖啡厅
绝味鸭脖(万德庄店),3.8,126,31,海光寺/六里台,卤味鸭脖
津门大姨鸡肉串,4.7,991,47,海光寺/六里台,炸鸡炸串
少帅府,4.7,1943,190,滨江道,创意菜
欣乐糕点(食品街店),4.7,5449,77,南市,面包烘焙
Lady M(天津天河城店),4.5,3110,88,和平路,甜品
MIKELI BARBECUE,4.7,80,158,滨江道,拉美烤肉
利顺德大饭店·1863别致西餐厅,4.5,301,335,小白楼,西餐
LIME CARP COFFEE(咖啡烘焙店),4.5,81,40,五大道,咖啡厅
政协俱乐部西餐厅,4.7,1645,174,小白楼,西餐
张记糖坊(万德庄店),4.7,428,23,海光寺/六里台,津味小吃
乾园风尚五大道,4.7,3477,108,五大道,特色菜
同聚成清真餐厅(二马路店),4.7,1470,64,海光寺/六里台,特色菜
達磨家日料烧鸟店,4.5,164,66,鞍山道沿线,日本料理
苏记海鲜,4.5,129,115,滨江道,海鲜
冈冈面包,4.7,1531,47,西康路沿线,面包烘焙
一剂良方,4.6,751,59,五大道,咖啡厅
南楼煎饼(南市店),4.6,1568,13,南市,快餐简餐
TIANYE,4.7,993,65,滨江道,咖啡厅
艾菈甜品预约·定制店,4.7,364,96,五大道,甜品
华竹食府,4.6,6842,84,五大道,天津菜
睦南会,4.5,730,340,五大道,粤菜馆
oui more coffee(和平店),4.7,1178,65,五大道,咖啡厅
娜娜家·Nana's patisserie(和平大悦城店),4.7,1559,69,滨江道,甜品
玥中琊·慢店,4.7,320,133,五大道,特色菜
1969Sweet甜品工作室,4.7,130,185,五大道,甜品
Arome(岳阳道店),4.7,704,105,五大道,面包烘焙
S.O.E COFFEE(国金中心店),4.7,269,29,滨江道,咖啡厅
华特美酒楼(新华路店),4.7,3508,77,和平路,天津菜
奶蛋团(天河城店),4.7,705,31,和平路,面包烘焙
廖姐煎饼,3.7,15,,小白楼,快餐简餐
南楼煎饼(滨江道店),4.6,1418,12,滨江道,快餐简餐
小九的院子·咖啡·静吧,4.5,137,50,鞍山道沿线,咖啡厅
老六涮羊肉火锅店,4.7,1033,93,和平路,老北京火锅
伏小桃(南开大悦城店),4.6,843,22,南市,茶饮果汁
迪迪的蛋糕·下午的茶Le gâteau de Didi,4.7,1524,70,五大道,咖啡厅
薛氏菜馆,4.5,1534,67,小白楼,天津菜
百瑞食品店(多伦道二店),4.7,876,58,鞍山道沿线,面包烘焙
少東家,4.7,2799,40,滨江道,面馆
UAN佑安,4.6,865,68,五大道,咖啡厅
一味亭烧肉居酒屋,4.6,290,138,五大道,日本料理
光头强网红烤冷面真牛,4.6,223,11,和平路,韩国料理
奈雪的茶(天河城店),4.7,1943,31,和平路,茶饮果汁
Le Rosso 意大利餐厅,4.6,208,148,西康路沿线,西餐
面匠·新东京拉面(五大道店),4.5,272,63,五大道,日式面条
士林西餐(长沙路店),4.6,1351,64,五大道,西餐
叫花子锅盔,4.5,220,8,鞍山道沿线,小吃快餐
菲姐家手工饭团(和平总店),4.6,725,13,西康路沿线,小吃
余先生川味麻辣烫(和平店),4.5,1428,31,滨江道,麻辣烫
疯羊咖啡(意式专门店),4.5,450,54,南市,咖啡厅
三合益餐厅,4.6,3038,37,和平路,天津菜
铁Tetsu日本料理店,4.7,1051,113,西康路沿线,日本料理
Wesound X LEEGUITARS,4.7,276,54,鞍山道沿线,咖啡厅
胜博殿日式炸猪排(恒隆广场店),4.7,4925,108,和平路,日式简餐/快餐
韩国奶奶总店,4.5,2386,38,海光寺/六里台,韩国料理
清真麦顺和饭庄·二姐回头(和平店),4.7,150,59,和平路,天津菜
とんかつ和幸(现代城店),4.7,4684,87,滨江道,日式简餐/快餐
吕纪蘇面(世纪都会店),4.6,3494,45,滨江道,面馆
涨粉儿,4.6,134,26,南市,快餐简餐
張記咖啡,4.7,263,21,鞍山道沿线,咖啡厅
小潘麻辣烧烤,4.3,174,32,海光寺/六里台,烧烤烤串
九河居炸酱面馆(万德庄店),4.6,367,41,海光寺/六里台,面馆
赤潮,4.6,76,41,小白楼,咖啡厅
马记烧麦馆,4.6,1349,40,和平路,小吃
南门巷潮流小吃街(南开大悦城店),4.7,598,44,南市,小吃
天宝楼(河北路店),4.6,652,64,滨江道,熟食熏酱
川先生bar,4.1,21,103,五大道,茶饮果汁
鑫顺斋麻花店,4.6,508,159,和平路,甜品
蜂蜜咖啡屋,4.5,214,73,西康路沿线,咖啡厅
市井婆豆沙牛乳(和平大悦城店),4.7,1079,12,滨江道,茶饮果汁
清真老西北角温记粘食店(长沙路店),4.6,749,26,五大道,津味小吃
东林餐厅,4.6,1739,67,五大道,天津菜
若竹Curry Studio,4.7,1246,74,滨江道,日式简餐/快餐
老艺人餐馆,4.5,592,48,鞍山道沿线,天津菜
凤桐·寿司割烹,4.6,101,545,西康路沿线,寿司
爸爸糖手工吐司(保利广场店),4.5,928,41,南市,面包烘焙
JELLYCHA甜茶,4.7,395,51,滨江道,咖啡厅
希卡里咖啡店,4.5,63,44,五大道,咖啡厅
老李煎饼果子(五大道店),4.6,527,7,五大道,快餐简餐
粤之园(澳门路店),4.7,3261,111,五大道,东南亚菜
眼镜炒饭(小白楼店),4.5,318,33,小白楼,快餐简餐
萨莉亚意式餐厅和平米莱欧吉利店,4.5,421,43,五大道,西餐
WELL BEANS 好逗咖啡(万德庄店),4.7,480,29,海光寺/六里台,咖啡厅
康乐,4.6,2232,12,滨江道,冰淇淋
百味螺蛳粉,4.5,405,22,西康路沿线,小吃快餐
天津远方客麻花店,4.5,453,179,和平路,面包烘焙
萨莉亚意式餐厅(天河城购物中心店),4.6,1231,45,和平路,西餐
CoCo都可(世纪都会店),4.7,1372,16,滨江道,茶饮果汁
Resonance Coffee,4.7,484,40,五大道,咖啡厅
Coffee in-Crowd(五大道店),4.7,632,48,五大道,咖啡厅
金凤凰烤香鸡(昆明路店),4.6,1765,35,西康路沿线,小吃
魏家凉皮(鞍山道店),4.5,1251,25,海光寺/六里台,快餐简餐
四云奶盖贡茶(天河城店),4.7,993,21,和平路,茶饮果汁
喜家德虾仁水饺(天河城店),4.5,674,41,和平路,饺子
惠美麻辣烫(甘肃路店),4.5,734,21,滨江道,麻辣烫
沏佰杯(麦购店),4.7,360,17,滨江道,茶饮果汁
五福心语(宜昌道店),4.5,771,21,西康路沿线,甜品
萨莉亚意式餐厅(欧乐时尚广场店),4.7,1083,42,滨江道,西餐
朝夕咖啡馆,4.5,55,20,五大道,咖啡厅
初吾·咖啡 True Cafe(五大道店),4.6,303,45,五大道,咖啡厅
咖果COFFEE,4.5,159,47,五大道,咖啡厅
崔氏欧巴韩国料理,4.6,105,29,和平路,韩国料理
沏佰杯(伊势丹店),4.6,494,15,滨江道,茶饮果汁
金泰缘排骨馆(天津店),4.5,252,34,南开大学/八里台,快餐简餐
阿甘锅盔(和平伊势丹店),4.5,550,12,滨江道,小吃快餐
CoCo都可(家乐福店),4.7,536,15,海光寺/六里台,茶饮果汁
付记盖饭,4.5,246,18,滨江道,快餐简餐
小宝哥烧饼里脊(南开店),4.5,87,6,海光寺/六里台,快餐简餐
刨大人冰品(诚基店),4.6,324,22,五大道,冰淇淋
bones coffee,4.5,320,33,滨江道,咖啡厅
利德诚·老天津卫羊肉串(多伦道店),4.3,139,54,海光寺/六里台,烤串
老大同面馆·珍品,4.5,101,21,西康路沿线,面馆
林娜家糖堆栗子·刨冰(万德庄店),4.5,116,16,海光寺/六里台,津味小吃
猴爷爷烧烤小串,4.3,268,61,南市,烤串
麻辣烧烤(哈尔滨道店),4.1,96,42,滨江道,烧烤烤串
和睦糖堆,3.9,32,8,五大道,津味小吃
小海羊肉串(大理道店),4.1,218,54,五大道,烤串
Miss Laura cake,4.1,73,214,和平路,甜品
顶盛烤场(海光寺店),4.1,300,51,海光寺/六里台,烧烤烤串
遇见天河美食台湾小吃,3.5,3,,和平路,台湾菜
哈尔滨烤冷面,4.0,75,15,鞍山道沿线,小吃
顶好煎饼,4.1,243,10,滨江道,快餐简餐
三兴涮羊肉(荣安大街店),4.4,4245,80,南市,老北京火锅
朢吉烧鸟居酒屋,4.2,27,165,滨江道,日本料理
陈记烤串,4.4,177,34,小白楼,烤串
樊楼 下午茶·精酿·夜食,4.0,22,61,和平路,西餐
果蔬汇(总医院店),3.5,1,,海光寺/六里台,水果店
明哥串串香,4.0,388,42,五大道,串串香
桂荣斋麻花店,4.1,210,208,五大道,零食
起士林大饭店(小白楼店),4.2,11290,173,小白楼,西餐
介·ラーメン屋·小酒馆,4.4,290,105,滨江道,日本料理
桂顺斋(和平路总店),4.4,2654,82,和平路,面包烘焙
柳州路烧麦馆(柳州路店),4.4,5174,58,五大道,津味小吃
利顺德大饭店,4.4,176,340,小白楼,自助餐
陈秀云煎饼果子,4.1,522,6,西康路沿线,快餐简餐
皇甫大锅贴,4.4,210,15,鞍山道沿线,生煎/锅贴
玉紋順德姜撞奶,4.0,60,20,滨江道,甜品
北京稻香村(福安大街店),4.3,468,65,南市,面包烘焙
庆王府(五大道店),4.2,735,212,五大道,粤菜馆
天津小宝栗子(哈尔滨道店),4.1,150,32,滨江道,栗子/干果
Helens海伦司(吉利大厦店),3.6,83,64,五大道,西餐
利顺德大饭店·水岸中餐厅,4.0,303,289,小白楼,天津菜
M糖TOWN,4.3,317,28,五大道,甜品
真素诚(玉泉路总店),4.3,1538,9,海光寺/六里台,锅巴菜
柠檬烤肉·夜食酒场,4.4,236,116,滨江道,日式烧烤/烤肉
鸿源庆涮羊肉,4.1,126,92,和平路,老北京火锅
新鲜家日本料理,4.3,351,89,小白楼,日本料理
宴宾楼(和平店),4.0,2466,87,和平路,天津菜
Helens海伦司(天津欧乐时尚广场店),3.7,14,,滨江道,西餐
Soloist 独奏公司,4.4,433,84,五大道,咖啡厅
秘丘Hill·欧式蛋糕店(先农大院店),4.2,518,82,五大道,甜品
1点点(和平大悦城店),4.0,1656,17,五大道,茶饮果汁
欣金环西餐厅,4.3,950,74,西康路沿线,西餐
ZII墨西哥餐吧,4.3,424,87,小白楼,西餐
五条人糖水铺(天津欧乐商场店),4.1,301,32,滨江道,甜品
鲸岚·水产鲜生,4.4,193,155,南市,日式烧烤/烤肉
绝味鸭脖(河北路店),4.1,493,28,滨江道,卤味鸭脖
山影书房,4.0,14,45,五大道,咖啡厅
申合堂黑芝麻糊(五大道店),4.3,77,44,五大道,甜品
海丽红麻辣烫清真,4.1,97,19,和平路,融合烤肉
武记面食,4.1,142,7,鞍山道沿线,小吃
忘情盖浇饭,4.4,756,24,鞍山道沿线,快餐简餐
山魈咖啡,4.4,846,29,鞍山道沿线,咖啡厅
Bean Island 彬岛,4.4,302,44,五大道,咖啡厅
龙圣居,4.0,277,59,鞍山道沿线,家常菜
津新红焖羊肉,4.2,498,67,滨江道,牛羊肉火锅
玉泉饭庄,4.4,672,72,海光寺/六里台,特色菜
张老头牛肉烧饼,4.4,139,10,海光寺/六里台,小吃
無法现烤の三明治,4.0,9,,滨江道,西式快餐
巷子深菜馆(新华路店),4.1,810,74,五大道,天津菜
七鲜超市(天津保利店),4.3,484,134,南市,生鲜
周府蓟州羊汤馆(营口道店),4.4,159,39,五大道,快餐简餐
王中王刨冰,4.4,1017,16,和平路,冰淇淋
疯羊咖啡(海信广场店),4.2,137,47,小白楼,咖啡厅
众乐大盘菜,4.4,386,49,鞍山道沿线,天津菜
鳥小屋,4.4,146,99,五大道,日本料理
狗不理(贵宾楼店),4.3,2391,184,五大道,天津菜
晨菲餐厅二十年老店,4.3,649,56,滨江道,天津菜
小锅米线云南风味(南开三纬路店),4.2,573,33,海光寺/六里台,米线
S.R私家烘焙清真,4.4,170,138,南市,面包烘焙
兴港茶餐厅,4.0,147,45,南市,茶餐厅
天津小宝栗子(哈尔滨道店),4.1,150,32,滨江道,栗子/干果
疯狂串串香,4.0,11,23,西康路沿线,串串香
胡记传世春饼,4.2,139,26,小白楼,小吃快餐
陕小二(卫津路店),3.7,60,16,西康路沿线,小吃
老郝炖牛肉(南丰路店),4.0,532,55,海光寺/六里台,小吃
MMM Restaurant,4.3,515,108,五大道,西餐
Three People Coffee·三名草屋,4.4,62,46,五大道,咖啡厅
小圆同学(南开大悦城店),4.2,768,20,南市,小吃
必点大食堂·百年酱肉包,4.1,396,28,海光寺/六里台,包子
印象老鸭粉丝汤,4.0,118,14,五大道,快餐简餐
百年面道,4.4,2376,37,滨江道,面馆
七鲜超市(天津乐宾百货店),4.0,52,87,滨江道,生鲜
西栗山房,4.4,193,44,鞍山道沿线,面包烘焙
THECOFFEE SHOP,4.3,105,20,五大道,咖啡厅
大台北麻辣烫(河北路店),4.4,1761,30,滨江道,麻辣烫
中栗华栗子(荣业大街店),4.4,285,41,南市,栗子/干果
大福来(双峰道店),4.2,238,10,海光寺/六里台,锅巴菜
食其家·牛丼咖喱(万德庄店),4.2,338,33,海光寺/六里台,日式简餐/快餐
殷记老面茶锅巴菜,4.1,85,7,海光寺/六里台,津味小吃
SILLY AWESOME,4.4,501,48,鞍山道沿线,咖啡厅
重庆道225,4.1,19,,五大道,创意菜
祥禾饽饽铺•中式点心(海信店),4.0,136,68,小白楼,面包烘焙
小宝栗子(长春道店),4.1,397,19,和平路,栗子/干果
真素诚·清真(新华路店),4.4,968,13,和平路,天津菜
胖哥料理,4.3,953,21,和平路,快餐简餐
三个先森的韩国炸鸡(南开总店),4.0,154,27,南市,炸鸡炸串
烫趟鲜川味麻辣烫(滨江道店),4.4,156,27,和平路,麻辣烫
零伍食府,4.1,131,239,五大道,苏浙菜
回回牛肉饼,4.3,111,15,滨江道,快餐简餐
食乡居,4.4,379,62,西康路沿线,天津菜
小四川土家菜(禄安大街店),4.4,120,61,和平路,川菜馆
稻吉鱻,4.4,63,192,滨江道,日本料理
嘟嘟家厚切炒酸奶,4.2,70,12,海光寺/六里台,酸奶
魏家凉皮(万德庄店),4.4,381,24,海光寺/六里台,快餐简餐
食其家·牛丼咖喱(伊势丹百货现代城店),4.3,276,34,五大道,日式简餐/快餐
Leben burger 乐本汉堡,4.1,117,71,鞍山道沿线,西餐
奶香铺子(河西店),4.3,175,21,小白楼,小吃
胖姐凉皮凉面,4.0,479,8,滨江道,米线
津味张记包子铺(荣安大街店),4.0,256,17,南市,包子
蓝椒麻辣烫(南开三纬路店),4.4,349,24,南市,麻辣烫
春芽,4.1,90,84,小白楼,西餐
排骨王,4.2,364,54,五大道,天津菜
爆哏儿爆米花,4.1,38,19,滨江道,津味小吃
麻辣烧烤,3.7,2,,海光寺/六里台,烤串
马记肉饼铺,4.0,118,21,鞍山道沿线,快餐简餐
福字素食,4.4,589,36,五大道,饺子
食其家·牛丼咖喱(小白楼店),4.3,669,32,小白楼,日式简餐/快餐
遇club,4.2,151,36,海光寺/六里台,咖啡厅
花泥淾咖,4.4,77,40,滨江道,咖啡厅
帕丽斯的跳蚤市集,4.1,307,36,五大道,咖啡厅
窦四牛杂面(河北路店),4.4,615,23,滨江道,面馆
WELL BEANS 好逗咖啡(河北路店),4.4,78,22,和平路,咖啡厅
冠生园(营口道店),4.2,632,35,西康路沿线,面包烘焙
小道coffee&beer,4.2,95,35,滨江道,咖啡厅
包饌·夜包子(滨江道店),3.9,513,20,滨江道,包子
倒着吃煎饼果子,4.4,308,13,西康路沿线,快餐简餐
耳朵眼(滨江道店),4.2,336,7,滨江道,快餐简餐
鹿客西街(欧乐时尚广场店),4.1,239,32,滨江道,创意菜
芸骨屋,4.4,55,43,五大道,咖啡厅
麦当劳(国际商场店),4.3,179,29,滨江道,西式快餐
老天津卫卤面王,4.1,63,26,海光寺/六里台,面馆
梨不开你糖水·烤梨,4.1,41,22,滨江道,茶饮果汁
有故事的甜品店,4.0,105,129,五大道,甜品
孙姐爆米花,4.1,64,21,和平路,小吃
艺和祥熟食烤肉铺子(南开二马路店),4.3,46,52,南市,熟食熏酱
乐盈盛宴酒楼,4.3,963,46,海光寺/六里台,天津菜
九色鹿(气象台路店),4.0,59,29,西康路沿线,咖啡厅
陈小北小泽生煎(和平店),4.1,206,27,滨江道,生煎/锅贴
张亮麻辣烫(万德庄店),4.0,523,21,海光寺/六里台,麻辣烫
魏家餐饮,4.2,331,24,小白楼,快餐简餐
桃园煲仔饭(南开四纬路店),4.2,99,19,海光寺/六里台,快餐简餐
张亮麻辣烫(大悦城店),4.1,229,25,南市,麻辣烫
小宝栗子(西安道店),4.4,4619,18,五大道,栗子/干果
壹佰号,4.4,840,72,五大道,天津菜
奶奶的美食(和平天河城店),4.3,190,21,和平路,快餐简餐
肯德基(天河城店),4.3,583,32,和平路,西式快餐
南大老王豆皮(万德庄店),4.1,178,14,海光寺/六里台,小吃快餐
Bunny herb 花宜人烘焙,4.0,168,30,南市,面包烘焙
大食代美食广场(天河城店),4.3,592,34,和平路,快餐简餐
CoCo壱番屋(南开大悦城店),4.0,366,61,南市,日式简餐/快餐
鼎香园窝窝头,4.2,85,14,鞍山道沿线,快餐简餐
陈三保烧鸡(福安大街店),4.0,98,26,和平路,烧鸡
八宝煎饼果子(五大道店),4.3,457,21,五大道,快餐简餐
五福心语(昆明路店),4.4,563,19,五大道,甜品
LUMOS CAFE,4.2,70,42,滨江道,咖啡厅
花漾味道翻糖蛋糕甜品台,4.0,56,399,五大道,面包烘焙
乐思美韩国紫菜卷,4.0,409,12,滨江道,韩国料理
美吉鸭颈店,4.0,451,23,五大道,熟食熏酱
坐上客云南小锅米线,4.0,22,24,海光寺/六里台,米线
琦王花生,4.0,22,,海光寺/六里台,栗子/干果
66HOW咖啡馆,4.1,368,43,五大道,咖啡厅
蟹褀汇阳澄湖大闸蟹(和平总店),4.0,22,,鞍山道沿线,大闸蟹
万全烧烤火锅,4.0,96,85,海光寺/六里台,火锅
张记包子粥(宜昌道店),4.1,151,20,西康路沿线,粥店
喜家德虾仁水饺(国贸店),4.4,462,43,小白楼,饺子
认一民(贵阳路店),4.3,238,38,鞍山道沿线,天津菜
饺满天下(荣业大街店),4.3,572,30,鞍山道沿线,天津菜
张亮麻辣烫(贵阳路店),4.3,182,29,西康路沿线,麻辣烫
融融咖啡,4.1,95,30,西康路沿线,咖啡厅
贵阳路菜市场,4.2,99,44,鞍山道沿线,水果生鲜
双美豆沙牛乳(滨江道店),4.3,133,12,和平路,茶饮果汁
WAY Coffee,4.2,133,36,五大道,咖啡厅
二宝红果(哈尔滨道店),4.0,51,18,滨江道,快餐简餐
安琪餐室,4.0,17,,西康路沿线,快餐简餐
简初SIMPLE CAFE(重庆道店),4.2,138,37,五大道,咖啡厅
汉堡王(伊势丹店),4.4,1688,30,滨江道,西式快餐
绝味鸭脖(朗香街店),4.1,266,29,小白楼,卤味鸭脖
低卡时光,4.0,96,20,五大道,其他中餐
亚惠美食(滨江购物中心店),4.1,644,26,小白楼,快餐简餐
萨莉亚意式餐厅(海光寺家乐福店),4.4,294,39,海光寺/六里台,西餐
小馋猫过桥米线(六里台店),4.0,88,16,海光寺/六里台,米线
米之门融合简餐,4.3,244,40,海光寺/六里台,快餐简餐
周记烧鸡店,4.1,204,22,五大道,烧鸡
椒小鸡小炒鸡米饭,4.2,207,20,西康路沿线,快餐简餐
张亮麻辣烫(百货大楼店),4.2,577,21,南市,麻辣烫
正阳春烤鸭外卖窗口,4.4,335,11,和平路,烤鸭
天津大学-第3食堂,4.2,426,13,海光寺/六里台,快餐简餐
溢香桥云南过桥米线(鞍山西道店),4.0,153,17,海光寺/六里台,米线
张记麻辣烫(西安道店),4.2,394,25,五大道,麻辣烫
肥仔炒菜,4.1,61,30,鞍山道沿线,快餐简餐
格朗合 · 鸡汤米线(保利广场店),4.4,262,30,南市,米线
鲜果时间(号外店),4.0,208,13,滨江道,茶饮果汁
姥姥家糖坊,4.1,104,15,滨江道,津味小吃
伊香斋,4.0,62,64,南市,熟食熏酱
靳小哥炸肉旗舰店,4.0,167,18,海光寺/六里台,炸鸡炸串
有钱花下午茶,4.0,102,24,和平路,饮品店
蚝气十足•龙虾•烧烤•海鲜生蚝(营口道店),3.5,13,,五大道,烧烤烤串
1点点(和平伊势丹店),4.2,45,15,滨江道,茶饮果汁
多多面馆(鞍山道店),4.2,397,27,鞍山道沿线,面馆
街角牛杂面(和平店),4.0,53,23,鞍山道沿线,面馆
鑫朋轩囍面馆,4.0,16,,南市,面馆
聚和泉·麻辣香锅(万德庄店),4.4,699,47,海光寺/六里台,干锅/香锅
CoCo都可(百货大楼店),4.2,190,14,和平路,茶饮果汁
肥猫烤翅,3.5,1,,滨江道,烧烤烤串
一小面(友谊新天地店),4.2,246,20,滨江道,面馆
MY.girl蜜菓(欧乐时尚广场店),4.0,1096,11,滨江道,茶饮果汁
CoCo都可(小白楼店),4.2,82,15,小白楼,茶饮果汁
三哥烧烤,3.4,1,,南市,烤串
沏佰杯(劝业场店),4.2,184,13,滨江道,饮品店
鲜得鲜饮,4.4,272,27,五大道,茶饮果汁
日出茶太(民园店),4.3,610,16,五大道,茶饮果汁
夏樹奶沫(同安道店),4.1,125,19,西康路沿线,茶饮果汁
茅台冰淇淋VIST醉醉冰,4.1,235,33,南市,冰淇淋
鲜果时间(滨江道总店),4.0,52,15,滨江道,茶饮果汁
金街大铜钱文创雪糕,4.0,27,14,滨江道,冰淇淋
西青蔬菜水果海货,3.5,2,,海光寺/六里台,水果店
锦州烧烤,3.7,18,56,海光寺/六里台,烤串
马记茶汤,3.8,310,12,南市,津味小吃
老味卷圈,3.5,1,,五大道,津味小吃
绝味鸭脖(六纬路店),3.8,23,,小白楼,卤味鸭脖
COZYCUBE千层蛋糕,3.8,30,376,南市,面包烘焙
津城烤薯王(小白楼店),3.9,86,37,小白楼,烧烤烤串
老上海鸭血粉丝汤(和平店),3.5,24,46,鞍山道沿线,快餐简餐
百狗味道热狗店(和平店),3.5,2,,鞍山道沿线,西式快餐
AIMI蛋糕私人订制(南马路店),3.5,3,,南市,面包烘焙
长顺饭庄家常菜,3.6,13,,五大道,家常菜
麻辣范秘制水煮鱼·过桥米线,3.5,6,,鞍山道沿线,川菜馆
杜记老汤羊杂,3.8,22,26,南市,快餐简餐
撸串,3.8,20,28,和平路,烤串
陳記串串香,3.8,21,36,和平路,串串香
鳥元·備長炭烧鸟居酒屋,3.7,33,220,滨江道,日本料理
连兴成,3.9,736,76,滨江道,炭火锅
98k麻辣海鲜(南开店),3.7,4,,海光寺/六里台,海鲜
OIDEN铁板烧,3.7,40,458,西康路沿线,日式铁板烧
佟楼传统天津早点,3.5,1,,西康路沿线,小吃
便民早点部,3.7,17,5,南市,快餐简餐
柴姐麻辣烧烤,3.5,2,,南市,烤串
娘家卤味饭焖面(天大店),3.5,1,,海光寺/六里台,快餐简餐
五口酱牛肉,3.5,3,,和平路,津味小吃
旺旺火锅(平泉道店),3.8,51,62,西康路沿线,重庆火锅
强哥鸡肉串(山西路店),3.8,42,64,南市,烤串
中洲屋日本料理,3.5,3,,五大道,日本料理
成金烧烤,3.8,70,63,西康路沿线,烧烤烤串
早点七姐云吞,3.8,10,7,南市,馄饨|抄手|扁食
忠光水产,3.7,12,,滨江道,生鲜
KOKOROWA 心阳,3.8,16,,滨江道,日本料理
三点一线卤味·米线(和平路店),3.9,14,16,和平路,快餐简餐
清真·二嫂子煎饼果子(卫津路总店),3.7,3895,13,鞍山道沿线,快餐简餐
大个麻辣烧烤,3.8,29,26,下瓦房,烧烤烤串
王味螺,3.8,6,,和平路,小吃快餐
山西路烤羊腿,3.9,90,48,鞍山道沿线,烤羊腿
咖啡之翼(大理道店),3.5,1,,五大道,咖啡厅
喜面·三鲜打卤面·津门婚礼同款,3.8,211,24,海光寺/六里台,面馆
沙县小吃(潼关道店),3.5,124,15,滨江道,快餐简餐
卫记煎饼早点夜宵24小时(五大道店),3.5,9,,五大道,快餐简餐
忒硬可麻辣海鲜(食品街店),3.6,7,,南市,海鲜
绵阳道冷食批发,3.5,9,,西康路沿线,冰淇淋
日馋海鲜大排档(荣安大街店),3.6,41,72,南市,烧烤烤串
西树泡芙CHEZ CHOUX(南开大悦城店),3.8,391,30,南市,甜品
阿伍特色水果,3.5,8,,海光寺/六里台,水果店
清真老洪早餐 菱角汤 面茶 牛肉烧饼,3.5,12,,南市,特色菜
手作德式挞·仙豆菓夫(和平大悦城店),3.9,311,32,滨江道,甜品
一笼咖啡,3.9,8,39,五大道,咖啡厅
晋滨国际大酒店-中餐厅,3.7,36,137,鞍山道沿线,其他美食
新疆正宗羊肉串,3.7,9,,海光寺/六里台,烤串
燕之屋.碗燕(海信广场店),3.9,40,3285,小白楼,更多食品保健
杨姐煎饼果子(襄阳道总店),3.7,1617,11,五大道,快餐简餐
津门肘子,3.5,11,,鞍山道沿线,天津菜
京小腰烧烤(万全道店),3.6,19,54,海光寺/六里台,烤串
太和板面,3.8,5,,西康路沿线,面馆
Premium食品馆,3.7,13,,和平路,更多食品保健
孙妹蛋糕房,3.6,6,,海光寺/六里台,面包烘焙
川先生BAR,3.8,27,51,五大道,咖啡厅
鸿起顺饭庄(食品街总店),3.8,490,70,南市,天津菜
黄焖鸡米饭,3.7,153,25,海光寺/六里台,黄焖鸡
芥末料理(金融街中心店),3.7,83,59,海光寺/六里台,日本料理
丽姐烤羊腿,3.5,1,,西康路沿线,烤羊腿
天津家宴妈妈菜(和平店),3.6,28,,和平路,东北菜
麦麦提烧烤餐厅,3.8,28,50,五大道,烧烤烤串
独一处(海光寺店),3.9,717,76,海光寺/六里台,天津菜
老城厢早点,3.5,39,6,西康路沿线,锅巴菜
巧师傅千层蛋糕(家乐福店),3.6,8,,海光寺/六里台,面包烘焙
李哥烧烤,3.6,37,61,西康路沿线,烧烤烤串
炙烧知味,3.5,1,,小白楼,日式简餐/快餐
沙漠驼铃羊肉串,3.8,38,44,滨江道,小吃
旭日怀石料理,3.9,11,708,和平路,日本料理
隆江阿妹•猪脚饭,3.7,3,,海光寺/六里台,快餐简餐
兰州正宗牛肉拉面,3.6,48,16,西康路沿线,面馆
早点快餐(哈尔滨道店),3.5,7,,和平路,快餐简餐
原长春道小窗口早点,3.8,26,9,和平路,快餐简餐
嘬鲜儿,3.9,45,79,西康路沿线,小龙虾
109号老饕,3.7,22,56,滨江道,私房菜
抚顺麻辣拌,3.7,25,18,海光寺/六里台,麻辣烫
杨胖子烧饼铺,3.5,4,,和平路,面包烘焙
永鑫利烧烤(多伦道店),3.5,59,51,鞍山道沿线,烤串
友坐OMNI,3.6,7,,五大道,西餐
穆记烧麦牛肉饼,3.8,13,,五大道,津味小吃
侯记全羊汤,3.5,2,,南市,快餐简餐
肯德基(旅馆街店),3.8,47,44,南市,西式快餐
奈冰乐奶茶·刨冰·冰淇淋,3.8,31,,西康路沿线,茶饮果汁
孙记·味道,3.8,17,17,滨江道,快餐简餐
杜老头煎饼,3.7,11,,和平路,快餐简餐
锦鲤·精致便当,3.7,2,,南市,快餐简餐
天泰香蕉专卖,3.6,3,,海光寺/六里台,更多食品保健
大饼鸡蛋,3.5,3,,海光寺/六里台,熟食熏酱
小袁腊汁肉白吉馍,3.8,29,10,五大道,快餐简餐
宋香居老味铁钎羊肉串,3.6,9,,西康路沿线,烤串
买又大食品(新兴路店),3.8,113,19,西康路沿线,快餐简餐
桂发祥十八街麻花(和平路2店),3.5,21,,和平路,面包烘焙
苏宁云咖啡,3.5,5,,海光寺/六里台,咖啡厅
武记面食,3.8,23,9,鞍山道沿线,快餐简餐
小柒千层蛋糕店,3.7,3,,五大道,面包烘焙
刘记炉饺锅贴,3.5,37,32,滨江道,生煎/锅贴
花漾Rossi蛋糕工作室,3.7,22,,南市,面包烘焙
穆之民·酱牛肉,3.7,10,,南市,快餐简餐
翘皮臭豆腐,3.5,14,,和平路,小吃快餐
来都来了,3.6,2,,和平路,茶饮果汁
linnalool蛋糕(diy店),3.5,3,,五大道,面包烘焙
花小小新疆炒米粉,3.6,1,,南市,小吃
迎宾,3.5,6,,鞍山道沿线,生鲜
台湾红豆饼,3.8,6,,海光寺/六里台,面包烘焙
和平宾馆-中餐厅,3.6,102,120,五大道,鲁菜
黑哥煎饼,3.6,9,,五大道,快餐简餐
MEWE家私房菜(五大道店),3.7,39,48,五大道,私房菜
沙县小吃,3.6,9,,南市,快餐简餐
孟村牛羊肉,3.9,17,82,海光寺/六里台,生鲜
辽宁路烧烤老店,3.7,17,,滨江道,烧烤烤串
沈阳中街手把串(欧乐店),3.7,8,,滨江道,烤串
特色烤面筋,3.7,1,,小白楼,烤串
佳食洁餐厅,3.7,22,,海光寺/六里台,烤串
范卓烤冷面烤面筋,3.6,2,,海光寺/六里台,烤串
米已成粥(天津荣业大街店),3.8,18,,南市,粥店
蓝色烧烤屋,3.6,8,,滨江道,烧烤烤串
山姆芝士烤牛肉卷,3.6,1,,小白楼,烧烤烤串
九龙河烧烤,3.6,4,,鞍山道沿线,烤串
小钦特色烧烤,3.5,13,,海光寺/六里台,烧烤烤串
小烤官 烤面筋 烤肉,3.5,1,,五大道,烤串
烧烤研究所,3.5,1,,海光寺/六里台,烤串
宏添火锅鸡,3.5,2,,南市,火锅
致青春烧烤,3.5,1,,滨江道,烤串
麻辣烤串,3.5,1,,滨江道,烤串
谷丰哈尔滨烤冷面紫菜包饭,3.5,1,,南市,烧烤烤串
粮品户部巷绝味大面筋(乐宾百货店),3.5,4,,滨江道,烤串
吃吃看瓦缸烧烤,3.5,2,,和平路,烧烤烤串
三未 甜品蛋糕盒子,3.8,32,25,小白楼,甜品
烤冷面,3.6,13,,滨江道,小吃
裕廷尉生蠔吧(重庆道店),3.9,6,,五大道,海鲜
不眠海 Sober Hi(南京路世贸广场B座店),3.9,6,,滨江道,咖啡厅
饗の响 会席料理,3.9,31,749,五大道,日本料理
丹记牛肉饼,3.6,10,,南开大学/八里台,小吃
御宝斋,3.6,41,74,海光寺/六里台,卤味鸭脖
清真羊汤洪,3.5,435,84,南市,快餐简餐
元宝咖啡,3.8,4,,滨江道,咖啡厅
伯豪私家菜,3.8,55,296,西康路沿线,徽菜
董顺桃老长沙臭豆腐,3.8,120,14,和平路,快餐简餐
韩田川 韩式拌饭,3.8,2,,小白楼,韩国料理
12 OZ coffee,3.8,14,17,和平路,咖啡厅
PON CLUB&COFFEE,3.9,16,39,和平路,咖啡厅
状元盖码饭,3.9,4,,海光寺/六里台,快餐简餐
台式五香肉卷 旋风薯塔,3.5,1,,滨江道,台湾菜
津味大排档,3.6,2,,滨江道,快餐简餐
蒸馍坊呛面馒头大饼,3.5,1,,南市,快餐简餐
于姐煎饼果子,3.5,4,,五大道,快餐简餐
宝录串串旋转小火锅,3.8,92,28,五大道,小火锅
韩餐烤肉小馆,3.6,39,26,南市,韩国料理
Lc Lab·低卡实验室,3.9,44,20,南市,创意菜
鲲爷冰品(多伦道店),3.7,55,13,和平路,冰淇淋
顾记三合顺熏肉(贵阳路店),3.9,10,,鞍山道沿线,熟食熏酱
天津大学西门菜市场,3.7,27,10,海光寺/六里台,水果生鲜
先生的粥(万德庄店),3.5,4,,海光寺/六里台,粥店
山崎面包屋,3.8,25,27,五大道,面包烘焙
锅巴土豆.锅包肉(联合力量小白楼美食城店),3.7,7,,小白楼,炸鸡炸串
老四家鲜果超市,3.5,9,,西康路沿线,水果店
陕味食族油泼面,3.7,1,,鞍山道沿线,面馆
杜都,3.9,33,92,五大道,日本料理
墨西哥塔可,3.6,2,,五大道,西餐
Amusement便利店,3.9,12,,小白楼,饮品店
不二の炸串,3.8,85,20,滨江道,炸鸡炸串
薛记炒货(红磡大道店),3.9,56,66,海光寺/六里台,栗子/干果
兰州正宗牛肉拉面(长春道店),3.8,30,13,滨江道,面馆
单叼金丝牛肉饼,3.8,9,,滨江道,小吃
羊汤板面,3.5,1,,滨江道,面馆
luckincoffee瑞幸咖啡(天津大学仁爱学院店),3.5,5,,南市,咖啡厅
迎宾肉食专卖(岳阳道店),3.6,5,,五大道,更多食品保健
"食楼烧鸭,烧鹅店",3.7,4,,五大道,烧腊
切果NOW!(和平店),3.8,12,,鞍山道沿线,水果店
上品堂(海信广场店),3.6,5,,小白楼,零食
鸡鸣汤包(天河城店),3.8,563,31,和平路,包子
珍鲜佛跳墙·鲍鱼饭(南开店),3.8,2,,海光寺/六里台,燕翅鲍
二姐煎饼,3.8,43,5,滨江道,快餐简餐
丰睿烤猪蹄(伊势丹店),3.5,113,25,五大道,小吃快餐
桂发祥十八街麻花(和平路店),3.8,266,87,滨江道,津味小吃
周记麻辣烫(昆明路店),3.7,26,22,鞍山道沿线,麻辣烫
悟空铁板炒饭,3.7,39,26,和平路,快餐简餐
吞虎,3.6,15,138,五大道,日本料理
十六妈鸭货王(联合力量小白楼美食城店),3.6,3,,小白楼,卤味鸭脖
紫菜包饭,3.5,2,,鞍山道沿线,快餐简餐
大鸡大利炸鸡汉堡(天津医科大学店),3.5,1,,西康路沿线,西式快餐
稻香村,3.5,1,,和平路,面包烘焙
医科院血研所食堂,3.5,18,,海光寺/六里台,快餐简餐
中国标王烤肉,3.9,83,39,滨江道,融合烤肉
台峡糕点,3.9,5,,海光寺/六里台,面包烘焙
竹境花式铁板烧,3.9,10,,海光寺/六里台,日式铁板烧
味之(津湾广场店),3.9,18,24,和平路,快餐简餐
崔记粘食,3.7,42,13,海光寺/六里台,甜品
绝味鸭脖(天河城一店),3.6,199,38,和平路,卤味鸭脖
老城里四姐锅巴菜(二马路店),3.6,25,4,海光寺/六里台,锅巴菜
淮南牛肉汤·特色锅贴,3.7,28,20,鞍山道沿线,生煎/锅贴
都会轩香港奇华饼屋,3.7,36,,五大道,甜品
恩德顺牛羊肉店,3.6,25,83,五大道,生鲜
绵阳道菜市场,3.8,61,39,西康路沿线,水果生鲜
鲜又多(诚基店),3.6,56,28,滨江道,水果店
天津大学-学4西餐厅,3.5,55,19,海光寺/六里台,西餐
真牛哈尔滨烤冷面,3.5,1,,西康路沿线,韩式小吃
放心早点,3.5,4,,海光寺/六里台,快餐简餐
牛战将·烧肉饭与披萨(万德庄店),3.5,3,,海光寺/六里台,快餐简餐
八里台小吃街,3.9,151,18,南开大学/八里台,小吃
兰州拉面,3.5,5,,和平路,面馆
大福来(沙市道店),3.8,100,8,五大道,锅巴菜
川先生BAR,3.8,27,51,五大道,咖啡厅
威士特咖啡COFFEE(伊势丹百货店),3.6,13,,五大道,咖啡厅
尤一刀蜂蜜软糕(和平店),3.8,50,19,南市,面包烘焙
社会王炒饭·轻食(万德庄店),3.8,103,18,海光寺/六里台,快餐简餐
正新鸡排,3.8,84,13,滨江道,炸鸡炸串
崩豆张(南市店),3.7,265,21,南市,小吃
马记精品烧饼(万德庄店),3.7,33,9,海光寺/六里台,津味小吃
雪山飞狐零食量贩(万德庄店),3.7,91,37,海光寺/六里台,零食
大铁牛螺蛳粉(家佳星厨店),3.9,15,,海光寺/六里台,小吃
食为天快餐(贵阳路店),3.9,332,16,鞍山道沿线,快餐简餐
董记煎饼(南开三纬路店),3.8,25,6,海光寺/六里台,快餐简餐
湘聚辣过瘾木桶饭(第103档口联合力量红磡美食城店),3.7,3,,南市,快餐简餐
三餐生活社区食堂,3.8,2,,南市,天津菜
凯凯麻辣烫(吴家窑四号路店),3.7,28,16,西康路沿线,麻辣烫
三婶家宴·海鲜蒸饺,3.9,161,67,海光寺/六里台,海鲜
德州扒鸡(新兴路店),3.5,40,59,鞍山道沿线,熟食熏酱
时间咖啡西餐酒吧,3.9,220,86,五大道,西餐
绝味鸭脖(气象台路店),3.8,207,25,水上/天塔,卤味鸭脖
天百煎饼果子(天大店),3.8,42,3,海光寺/六里台,快餐简餐
陕西路市集,3.5,32,27,滨江道,小吃
老惦记香酥千层饼,3.5,11,,海光寺/六里台,小吃
津卫特产美食斋,3.5,8,,南市,零食
illy咖啡,3.6,6,,五大道,咖啡厅
穆记烧麦牛肉饼,3.8,13,,五大道,津味小吃
库农天下新疆路菜市场,3.8,6,,鞍山道沿线,水果生鲜
张记特色糖堆,3.7,14,5,南市,小吃
桂顺斋(气象台路店),3.6,125,34,西康路沿线,面包烘焙
广西路牛肉饭,3.7,9,,五大道,快餐简餐
雪山飞狐零食量贩(荣安大街店),3.7,57,44,南市,零食
安氏煎饼果子,3.8,80,7,西康路沿线,快餐简餐
金陵鸭血粉丝,3.7,28,20,海光寺/六里台,快餐简餐
小李牛羊肉,3.6,7,,南市,小吃快餐
津味快餐店,3.6,7,,西康路沿线,快餐简餐
京东牛肉饼,3.7,62,22,西康路沿线,小吃
广粤轩煲仔饭(烟台道店),3.8,347,37,小白楼,快餐简餐
中国兰州牛肉拉面(天津中心店),3.8,36,18,鞍山道沿线,面馆
登瀛楼(山西路店),3.7,1414,89,五大道,鲁菜
梁胖子烧饼店,3.8,60,5,五大道,快餐简餐
每日英雄(天津中心店),3.7,33,27,滨江道,西式快餐
二林蒸饼(气象台路店),3.9,40,6,西康路沿线,快餐简餐
竹境花式铁板烧,3.9,10,,海光寺/六里台,日式铁板烧
津味早点,3.5,3,,和平路,锅巴菜
长兴涮羊肉(长春道店),3.9,102,61,和平路,老北京火锅
重庆烤脑花,3.5,1,,五大道,小吃快餐
共禾之约创意轻食,3.9,35,29,和平路,西餐
武大郎烧饼(鞍山道店),3.5,1,,鞍山道沿线,小吃
牛家炉兵卫日式烤肉,3.9,42,215,小白楼,日式烧烤/烤肉
热呼炒饭大饼熏肉,3.9,195,23,海光寺/六里台,快餐简餐
大福来(多伦道店),3.9,69,12,海光寺/六里台,快餐简餐
南门外·老城里钙奶汤圆(万德庄店),3.7,25,7,海光寺/六里台,快餐简餐
王记百味糖坊,3.8,77,27,西康路沿线,津味小吃
大水沟马记老味果仁,3.7,10,,西康路沿线,栗子/干果
二厂酱货(万德庄店),3.6,30,,海光寺/六里台,熟食熏酱
朕常尝小酥肉,3.7,10,,滨江道,小吃
优粮卷饼王,3.7,13,,小白楼,快餐简餐
雅咪沙拉,3.6,11,,滨江道,快餐简餐
玉泉路菜市场,3.6,35,,海光寺/六里台,水果生鲜
张敬麻辣烫,3.6,15,18,海光寺/六里台,麻辣烫
晨曦炸货,3.5,1,,西康路沿线,炸鸡炸串
小剑饶阳豆腐钙汤云吞,3.8,13,,鞍山道沿线,馄饨|抄手|扁食
中国兰州牛肉面(哈尔滨道店),3.8,34,15,滨江道,面馆
老夏羊汤馆,3.7,5,,滨江道,快餐简餐
蔬合谷,3.7,4,,滨江道,西餐
老四豆腐脑,3.7,29,5,鞍山道沿线,小吃快餐
江川右·一家有态度的粥店(万德庄店),3.5,38,30,海光寺/六里台,包子
吉顺羊汤小久馆(南丰路店),3.8,58,46,海光寺/六里台,快餐简餐
百福香乐撕鸡架(绵阳道店),3.5,3,,鞍山道沿线,小吃快餐
斯莫李板面牛杂面(多伦道店),3.6,65,14,和平路,面馆
阿兰米线(小白楼店),3.9,85,16,小白楼,米线
壹番串屋,3.6,31,24,和平路,炸鸡炸串
香草神鸡(河南路店),3.5,5,,滨江道,其他中餐
津门好邻居烧饼里脊(芷江路店),3.9,11,,五大道,快餐简餐
home居酒屋,3.5,5,,五大道,日本料理
清真牛肉饼水饺,3.6,9,14,五大道,饺子
熹点手作烘焙咖啡,3.7,4,,南市,咖啡厅
快克利餐饮有限公司,3.5,6,,小白楼,快餐简餐
黄小鲜快餐,3.5,3,,海光寺/六里台,快餐简餐
大明牛羊肉,3.5,1,,南市,小吃快餐
六必居(庆善大街店),3.7,55,25,南市,小吃快餐
102海鲜,3.9,25,136,滨江道,海鲜
1987煎饼果子,3.9,237,8,和平路,快餐简餐
川湘渝餐厅(哈尔滨道店),3.7,39,18,滨江道,川菜馆
五福心语(万德庄店),3.9,283,19,海光寺/六里台,面包烘焙
第一时鲜江南糕点,3.6,9,,海光寺/六里台,面包烘焙
慧会家网红小吃店,3.6,11,23,滨江道,快餐简餐
爆浆鬼酥肉(国金店),3.7,13,,滨江道,快餐简餐
猪生生(伊势丹店),3.7,89,19,五大道,快餐简餐
驴肉火烧(西湖道店),3.7,15,14,海光寺/六里台,小吃
太厉火锅杯(南开二马路店),3.6,9,,南市,火锅
津津小吃,3.8,1026,25,和平路,快餐简餐
无名水果店(南开二马路店),3.7,18,,海光寺/六里台,水果店
最香涮羊肉,3.7,2,,五大道,老北京火锅
聚家乐生鲜超市万德庄店,3.7,18,21,海光寺/六里台,生鲜
老金煎饼,3.9,123,10,五大道,快餐简餐
樱桃酒吧,3.5,1,,滨江道,其他美食
粥大福(安膳里店),3.7,8,,小白楼,小吃
哈尔滨E绝炸串烤冷面,3.8,28,11,和平路,炸鸡炸串
沙县小吃(同安道店),3.6,5,,南开大学/八里台,快餐简餐
麻辣鸡架(天津总店),3.7,37,15,海光寺/六里台,小吃快餐
津牛当日鲜牛肉店,3.5,1,,五大道,生鲜
果优乐鲜果切,3.5,3,,南市,水果店
清真满记传统小馆,3.5,1,,五大道,特色菜
扣肉王(和平店),3.6,15,17,鞍山道沿线,快餐简餐
千百味美食城,3.7,26,19,南市,快餐简餐
微利奶站(同安道店),3.6,25,14,西康路沿线,保健品
淮南牛肉汤(长春道店),3.8,21,18,滨江道,快餐简餐
MY.girl蜜菓(玖号网咖店),3.6,8,,南市,茶饮果汁
刘记白吉馍,3.5,6,,南开大学/八里台,快餐简餐
环球金融中心-（津塔）食堂,3.6,28,18,和平路,天津菜
胭脂公社西餐酒吧,3.9,103,99,南开大学/八里台,西餐
咖喱龙·蛋包饭(国贸店),3.9,25,44,小白楼,日式简餐/快餐
二姐饺子馆(哈尔滨道店),3.8,66,15,滨江道,饺子
甘之林小碗抹酱(民园店),3.5,3,,五大道,面包烘焙
春雨羊汤馆,3.9,38,28,海光寺/六里台,快餐简餐
润宜民(黄家花园总店),3.8,308,22,五大道,其他中餐
心儿美栗,3.7,95,16,海光寺/六里台,栗子/干果
雪域宫中国兰州牛肉拉面,3.7,33,19,小白楼,面馆
建行食堂,3.6,13,,小白楼,快餐简餐
CoCo壱番屋(恒隆广场店),3.9,320,63,和平路,日式简餐/快餐
西北羊汤(万全道店),3.7,1,,海光寺/六里台,快餐简餐
桂顺斋(长沙路店),3.8,129,46,五大道,面包烘焙
鸿利园老汤烧鸡,3.7,8,,海光寺/六里台,烧鸡
宛家老店(康定路店),3.6,77,65,西康路沿线,家常菜
炖起来干饭炖肉,3.8,43,24,鞍山道沿线,天津菜
丁三板面,3.9,22,,西康路沿线,面馆
祥老爷煎饼果子,3.6,80,19,和平路,快餐简餐
正林九号餐厅,3.9,149,13,小白楼,快餐简餐
唯客多孚西餐外卖,3.7,49,34,五大道,西餐
陆拾陆號福禄寿私房菜火锅(小白楼店),3.9,84,64,小白楼,天津菜
瑞祥斋早点酱牛肉烧鸡,3.7,20,8,西康路沿线,烧鸡
暖男厨房•疙瘩汤(大悦城店),3.5,7,,南市,米线
漫蘭咖啡,3.9,11,,滨江道,咖啡厅
晓芹海参(天津和平店),3.9,15,,南市,更多食品保健
钱商茉莉香鸭颈王(西湖道店),3.5,17,,海光寺/六里台,卤味鸭脖
孔府家酒楼,3.6,158,53,南市,天津菜
臭豆腐鹌鹑蛋,3.7,1,,小白楼,小吃快餐
玺仕炖品·鲍鱼饭(小白楼店),3.6,10,,小白楼,快餐简餐
三姐蒸饺烧麦,3.7,2,,和平路,馄饨|抄手|扁食
佟楼老味儿煎饼果子,3.6,2,,西康路沿线,快餐简餐
伊兰林·兰州牛肉拉面(和平店),3.5,5,,西康路沿线,面馆
伊顺斋牛肉饼,3.9,85,20,和平路,快餐简餐
大千炒面拉面(气象台路店),3.6,28,14,西康路沿线,面馆
隐樂門·穿越古今的味道,3.7,200,102,和平路,创意菜
牛不花,3.8,47,18,小白楼,快餐简餐
喜果儿暖轻食·健身餐,3.9,27,21,海光寺/六里台,西餐
满麦坐烤冷面(南开大悦城店),3.9,416,17,南市,快餐简餐
林子铁板鱿鱼,3.6,1,,小白楼,日式铁板烧
辣味有约串串香,3.5,12,,和平路,小火锅
老长沙大香肠轰炸大鱿鱼,3.6,40,22,滨江道,小吃快餐
鼎林记烧饼里脊,3.7,4,,海光寺/六里台,小吃快餐
东北小碗菜(南开店),3.6,3,,海光寺/六里台,东北菜
中国兰州牛肉拉麺,3.5,25,28,和平路,快餐简餐
盖式妈妈18道精品拌饭(解放北路店),3.5,1,,小白楼,快餐简餐
肉汁夹馍,3.5,3,,滨江道,快餐简餐
郭胖子大糖堆,3.8,32,5,海光寺/六里台,小吃
考拉快跑生日蛋糕(兴安路店),3.5,1,,和平路,面包烘焙
每日英雄·轻食(海光寺店),3.9,73,27,海光寺/六里台,西式快餐
便民综合市场,3.5,3,,鞍山道沿线,水果生鲜
早点快餐,3.7,4,,五大道,快餐简餐
沙野轻食(小白楼店),3.5,13,,小白楼,西餐
万德庄菜市场,3.7,53,58,海光寺/六里台,水果生鲜
美心快餐,3.8,49,19,南市,快餐简餐
左姐快餐,3.7,17,14,小白楼,饺子
堡美味炸鸡汉堡(总医院店),3.6,12,14,海光寺/六里台,西式快餐
初名饺子(昆明路店),3.7,35,32,西康路沿线,饺子
山东永发呛面馒头房,3.5,7,,西康路沿线,包子
上品堂(海信广场店),3.6,5,,小白楼,零食
东北烤肉拌饭·炸串(和平店),3.5,6,,鞍山道沿线,快餐简餐
铃兰咖啡厅,3.5,2,,小白楼,咖啡厅
清真锅贴(河南路店),3.7,61,23,滨江道,生煎/锅贴
董记板面,3.7,27,12,西康路沿线,面馆
双汇冷鲜肉(贵阳路店),3.5,3,,鞍山道沿线,生鲜
鲜师傅骨汤羊肉米粉,3.8,25,15,南开大学/八里台,快餐简餐
晨曦炖汤(天津和平店),3.6,1,,鞍山道沿线,小吃快餐
牛皇堡•手作牛肉汉堡(和平店),3.7,1,,滨江道,快餐简餐
耳朵眼炸糕(康乐店),3.9,621,8,和平路,津味小吃
卓品榴莲千层蛋糕店,3.7,4,,西康路沿线,面包烘焙
六合聚碧云里便民食堂,3.5,1,,西康路沿线,其他美食
老门口麻辣串串,3.5,3,,五大道,串串香
正宗牛师傅里脊扒饼(南京路店),3.7,20,6,小白楼,小吃
Nadin Sweet Studio法式甜品,3.7,12,,南市,甜品
天津烤鸭店(正阳春店),3.8,2076,74,和平路,烤鸭
万全道菜市场,3.6,27,,鞍山道沿线,水果生鲜
耳朵眼(食品街店),3.6,845,6,南市,津味小吃
白记饺子馆多伦道店,3.8,379,28,鞍山道沿线,饺子
姐妹餐馆(万德庄大街店),3.6,27,15,海光寺/六里台,快餐简餐
沙县小吃(滨江道店),3.7,31,17,小白楼,快餐简餐
君玲鲜啤(营口道店),3.8,43,28,西康路沿线,小吃
徐记炸货铺,3.6,9,,南市,炸鸡炸串
兰兰火锅(和平店),3.6,24,38,五大道,火锅
蛋哥炸串,3.5,5,,南开大学/八里台,炸鸡炸串
盒饭王鑫利文,3.5,4,,小白楼,快餐简餐
幸福食堂,3.5,4,,南市,快餐简餐
恩发德酱牛肉(同安道店),3.7,64,25,西康路沿线,熟食熏酱
耳朵眼炸糕(新华路店),3.7,165,8,和平路,津味小吃
果仁张(食品街店),3.7,461,26,南市,栗子/干果
中国兰州牛肉拉面(海光寺店),3.5,1,,鞍山道沿线,面馆
高记茶汤,3.7,25,14,海光寺/六里台,津味小吃
阿呆炒饭,3.8,7,,海光寺/六里台,快餐简餐
清真烧饼王,3.5,20,,小白楼,津味小吃
冰粉奇缘(乐宾百货店),3.7,17,15,滨江道,小吃快餐
燕之屋·燕窝(南开大悦城店),3.7,19,,南市,保健品
绝味鸭脖(滨江道步行街店),3.7,28,,五大道,卤味鸭脖
天宝楼(福安大街店),3.9,93,33,南市,熟食熏酱
炅爸爸擂椒拌饭,3.8,10,,鞍山道沿线,快餐简餐
小宝栗子,3.5,119,35,海光寺/六里台,栗子/干果
晨旭驴肉馆(南开五纬路店),3.8,14,,海光寺/六里台,小吃
食品二厂酱货,3.7,7,,海光寺/六里台,熟食熏酱
周记羊汤(兰州道店),3.6,61,21,西康路沿线,快餐简餐
来碗茶缸饭,3.5,1,,小白楼,快餐简餐
疯狂烤鸡架(天津总店),3.6,2,,海光寺/六里台,小吃快餐
炙烧知味·日式烧肉饭·寿喜烧(南开二马路店),3.5,1,,南市,日式烧烤/烤肉
小石磨煎饼果子,3.7,16,7,小白楼,快餐简餐
乐乐餐馆,3.8,49,25,滨江道,快餐简餐
山西刀削面(津湾广场店),3.5,18,,和平路,快餐简餐
欣荣牛羊肉,3.7,5,,鞍山道沿线,小吃快餐
高乐雅咖啡(信达店),3.9,11,56,小白楼,咖啡厅
极味轩牛肉饭(南开二马路分店),3.5,4,,海光寺/六里台,快餐简餐
109咖啡(大活店),3.7,5,,海光寺/六里台,咖啡厅
老时烧饼,3.5,4,,西康路沿线,小吃
孙家小馆,3.7,18,16,小白楼,快餐简餐
茅台酒遇上冰淇淋(和平大悦城店),3.7,41,33,五大道,冰淇淋
亚惠美食(麦购店),3.6,11,,和平路,快餐简餐
鲲鹏捌号老味牛肉饭,3.6,7,,五大道,快餐简餐
化隆牛肉面,3.5,17,13,小白楼,面馆
中国兰州牛肉拉面清真,3.9,103,19,西康路沿线,面馆
广隆蛋挞王(南京路店),3.6,209,9,滨江道,面包烘焙
博物馆书苑,3.5,63,28,和平路,咖啡厅
陈三保烧鸡(建物大街店),3.8,26,32,南市,烧鸡
鲍尚品鲍鱼捞饭(和平店),3.7,16,,小白楼,小吃
小美斋清真煎饼果子,3.6,19,5,西康路沿线,快餐简餐
地利生鲜(吴家窑二号路店),3.6,40,35,西康路沿线,生鲜
福丼屋,3.7,18,28,西康路沿线,日式简餐/快餐
老孙家煎饼果子(贵州路店),3.6,75,10,五大道,快餐简餐
和番丼饭(南市街店),3.6,25,27,南市,快餐简餐
叁谷匠造(鞍山道店),3.8,96,30,鞍山道沿线,面包烘焙
悟空铁板炒饭,3.7,39,26,和平路,快餐简餐
小宝栗子,3.8,104,23,五大道,栗子/干果
食其家·牛丼咖喱(津投广场店),3.7,93,37,南开大学/八里台,日式简餐/快餐
西湖道肉龙大包,3.5,1,,鞍山道沿线,包子
西北角美素锅巴菜(气象台路店),3.7,36,7,西康路沿线,锅巴菜
清真烧饼王,3.5,16,6,西康路沿线,特色菜
老潼关·南京鸭血粉丝汤·酸辣粉(小白楼店),3.5,10,,小白楼,快餐简餐
江南糕点(二马路店),3.6,10,,海光寺/六里台,面包烘焙
牧大姐内蒙牛肉干,3.5,1,,小白楼,零食
董记煎饼(万全道店),3.7,40,6,鞍山道沿线,快餐简餐
会贤阁,3.7,23,8,西康路沿线,天津菜
渝记重庆小面,3.7,117,16,鞍山道沿线,面馆
曹姐私家养生粥(哈尔滨道店),3.7,33,6,滨江道,粥店
必胜客(必胜客乐宾店),3.9,4,,滨江道,比萨
鲜又多(贵阳路店),3.7,51,39,滨江道,水果店
回头客麻辣烫,3.8,7,,滨江道,麻辣烫
栾姐手工饭团 过桥米线,3.8,23,11,和平路,快餐简餐
六亿元云南过桥米线,3.8,4,,南市,米线
天天鲜果(新华路店),3.8,23,,和平路,水果店
五谷本色·养生粥铺,3.5,10,,海光寺/六里台,粥店
高金记现炒肉松,3.8,62,49,五大道,快餐简餐
陈姐大饼鸡蛋,3.6,1,,五大道,快餐简餐
白姐老味煎饼(熊猫食堂美食汇店),3.6,2,,海光寺/六里台,快餐简餐
巴依老爷(南门外大街店),3.5,6,,南市,新疆菜
牛魔王(四平道店),3.7,169,18,鞍山道沿线,快餐简餐
味邦豆业放心早点,3.6,4,,海光寺/六里台,小吃
COCO壱番屋(现代城店),3.9,344,62,滨江道,日式简餐/快餐
恒一水饺,3.7,14,13,五大道,饺子
清真烧饼(昆明路店),3.6,9,,鞍山道沿线,快餐简餐
麻辣烫冒菜炒菜麻辣香锅,3.6,2,,南开大学/八里台,麻辣烫
西北角炖牛肉,3.9,160,23,和平路,快餐简餐
津味小炒(岳阳道),3.5,9,23,五大道,快餐简餐
和平老二厂酱货,3.7,21,37,鞍山道沿线,熟食熏酱
张记包子铺(贵阳路店),3.6,49,17,鞍山道沿线,包子
港島餅醴(世纪都会店),3.8,46,,滨江道,甜品
果唯伊(和平店),3.8,14,31,西康路沿线,水果店
吉祥馄饨(总医院店),3.5,148,22,鞍山道沿线,馄饨|抄手|扁食
庄妈妈(福安大街店),3.9,1079,80,南市,天津菜
一品香酥炸鸡排,3.8,49,32,五大道,炸鸡炸串
老四大馅饺子,3.7,23,30,鞍山道沿线,饺子
如意馄饨(眼科医院店),3.5,62,28,鞍山道沿线,馄饨|抄手|扁食
浆小小•南昌拌粉瓦罐汤,3.5,1,,和平路,米线
春龙饺子馆(哈尔滨道店),3.7,26,17,和平路,饺子
久久熟梨糕,3.6,12,12,五大道,小吃
Decade Coffee in 1981,3.8,146,46,五大道,咖啡厅
张姐炸串凉皮麻辣拌,3.6,7,,海光寺/六里台,炸鸡炸串
雪山飞狐·零食量贩(长沙路店),3.7,40,29,五大道,零食
微V贰咖啡茶室,3.9,48,34,小白楼,咖啡厅
杨胖子烧饼(鞍山道店),3.7,70,3,鞍山道沿线,津味小吃
天宝楼(玉泉路店),3.9,98,26,海光寺/六里台,熟食熏酱
竹箫餐厅,3.7,62,17,小白楼,快餐简餐
勿忘我快餐,3.6,45,17,滨江道,快餐简餐
中国人寿金融中心-餐厅,3.5,2,,小白楼,自助餐
御膳•饺子馆(陕西路旗舰店),3.8,13,20,滨江道,饺子
来伊份(永旺天河城购物中心店),3.8,93,41,和平路,零食
花家手工蛋糕(新兴路店),3.9,96,22,海光寺/六里台,面包烘焙
芊砚,3.9,36,93,西康路沿线,面包烘焙
成都小吃,3.6,1,,南市,快餐简餐
欧漫田园(万兆科贸店),3.8,75,104,南市,面包烘焙
桂發祥十八街麻花(东门1店),3.8,473,106,南市,面包烘焙
5UP晤阿福甜品店,3.8,29,119,和平路,甜品
滨淇诺蛋糕店,3.8,140,,滨江道,面包烘焙
慧泽园牛肉饭,3.6,4,,鞍山道沿线,快餐简餐
九龍蒸宫(天津大食代天河城店),3.6,12,25,和平路,快餐简餐
晋香缘山西特色面馆,3.6,6,,五大道,面馆
馨园食品店,3.6,38,,鞍山道沿线,面包烘焙
RIVA CAKE日娃烘培,3.6,4,,五大道,面包烘焙
津门麻花坊,3.6,7,,和平路,甜品
思蜜客(吉利大厦店),3.6,37,10,滨江道,甜品
宝盛元饺子(吉林路店),3.8,61,22,和平路,饺子
榴小七·千层蛋糕·下午茶,3.6,3,,海光寺/六里台,甜品
麦多馅饼(鞍山道店),3.6,69,7,鞍山道沿线,面包烘焙
曹姐拔丝蛋糕,3.6,8,,滨江道,面包烘焙
清真油酥大饼,3.6,1,,鞍山道沿线,面包烘焙
焙焙熊精品蛋糕,3.6,4,,五大道,面包烘焙
Tina 's Cake Studio,3.6,4,,西康路沿线,甜品
云裳燕鲜炖燕窝.姜茶.炖梨.甜品(天津店),3.5,1,,滨江道,甜品
天津食品集团和平区消费帮扶产品店,3.7,2,,和平路,生鲜
熟梨糕(津汇店),3.5,58,4,滨江道,面包烘焙
炒酸奶冰粉,3.5,1,,五大道,甜品
桂发祥十八街麻花(和平路2店),3.5,21,,和平路,面包烘焙
Coco Time巧克力(冠生园江南店),3.5,10,,滨江道,甜品
桂兴斋糕点店,3.5,1,,西康路沿线,面包烘焙
友间甜品屋,3.5,1,,滨江道,甜品
猫爪薯条的甜品屋,3.5,3,,五大道,甜品
八戒·饭堂,3.6,1,,海光寺/六里台,海鲜
云南路菜市场,3.6,33,95,西康路沿线,水果生鲜
海豚久久手作甜品,3.5,5,,五大道,面包烘焙
皇冠生日蛋糕店,3.5,1,,五大道,面包烘焙
美国惠尔通蛋糕装饰教室,3.5,1,,南开大学/八里台,面包烘焙
便民早点部,3.7,17,5,南市,快餐简餐
加乃屋日本料理店,3.9,41,144,五大道,日本料理
江南大包,3.8,12,,鞍山道沿线,包子
江同学烤蹄(多伦道美食城店),3.9,91,21,鞍山道沿线,小吃快餐
清真丹记牛肉饼,3.7,1,,西康路沿线,特色菜
苗家妹子过桥米线(甘肃路店),3.8,37,21,鞍山道沿线,米线
锡花米线(天河城店),3.7,6,,和平路,小吃
张亮麻辣烫(诚基中心店),3.8,3,,滨江道,麻辣烫
迎宾肉食专卖店(NO.1012店),3.5,6,,海光寺/六里台,生鲜
牧大姐内蒙古牛肉干(福安大街店),3.5,6,,老城厢/鼓楼,零食
小宝栗子(号外时尚馆店),3.8,156,22,滨江道,栗子/干果
金谷餐厅,3.6,2,,和平路,快餐简餐
万全堂杨村糕干,3.6,33,6,南市,津味小吃
张记包子铺(多伦道店),3.5,55,16,鞍山道沿线,包子
吉祥炸香鸡(福安菜市场店),3.8,60,22,南市,炸鸡炸串
特色牛杂面板面,3.6,2,,鞍山道沿线,面馆
SQUID GAME,3.7,1,,滨江道,茶饮果汁
沙县小吃(昆明路店),3.7,24,18,鞍山道沿线,快餐简餐
能喝汤的麻辣烫,3.7,45,24,小白楼,麻辣烫
三品阁过桥米线,3.6,41,14,海光寺/六里台,米线
天津人民广播电台食堂,3.6,31,20,西康路沿线,快餐简餐
老陈头炸串店·大饼夹一切,3.7,86,18,小白楼,炸鸡炸串
马记烧饼大饼,3.7,15,5,西康路沿线,津味小吃
高记板面牛杂面,3.8,31,10,海光寺/六里台,面馆
心悦咖啡,3.7,12,,五大道,咖啡厅
咔汁鲜果(西康路店),3.7,81,30,西康路沿线,水果店
星国王,3.7,1,,五大道,咖啡厅
大有上九·超级牛腩煲(国际大厦店),3.6,1,,小白楼,粤菜馆
月坛食汇(赛顿中心店),3.6,14,18,西康路沿线,快餐简餐
地道馅饼(诚基中心店),3.8,79,14,五大道,快餐简餐
张亮麻辣烫(环球金融中心店),3.9,153,22,和平路,麻辣烫
隆唐宫牛肉面(湖北路店),3.6,24,14,小白楼,面馆
正宗牛肉板面(哈尔滨道店),3.5,14,13,和平路,面馆
豌豆尖儿重庆小面,3.7,11,,小白楼,面馆
铁板鱿鱼,3.7,1,,鞍山道沿线,日式烧烤/烤肉
真由美日本料理,3.6,98,125,小白楼,日本料理
泽柒道•骨汤拉面(友谊新天地店),3.6,2,,鞍山道沿线,日式面条
福源君和天津焖子铁板豆腐,3.5,2,,和平路,日式烧烤/烤肉
慧慧家铁板烧工房,3.5,3,,和平路,日式铁板烧
开心食屋(金融街可味美食城店),3.5,1,,海光寺/六里台,日本料理
激情麻辣烫(贵阳路店),3.9,296,61,西康路沿线,麻辣烫
闲居赋·西餐酒馆,3.8,101,59,小白楼,咖啡厅
白记饺子馆(贵阳路店),3.6,178,39,鞍山道沿线,饺子
宝德斋,3.7,18,22,小白楼,特色菜
正宗板面王(南开二马路店),3.8,28,14,海光寺/六里台,面馆
小起子带鱼,3.6,7,,五大道,创意菜
石頭門坎外貳,3.5,17,,南市,创意菜
三个国王,3.5,6,,和平路,创意菜
雪域宫中国兰州牛肉拉面,3.8,26,13,南市,面馆
多伦道菜市,3.5,1,,和平路,水果生鲜
祥和菜馆(南开四纬路店),3.5,20,41,海光寺/六里台,天津菜
泰粒泰式炒饭&冬阴功汤饭.粉,3.9,4,,小白楼,小吃
美源煎饼果子,3.9,46,8,西康路沿线,快餐简餐
大先生小碗菜(和平店),3.9,9,,滨江道,快餐简餐
渝乡堂重庆小面(兰州道店),3.9,75,16,海光寺/六里台,快餐简餐
张亮麻辣烫(赛顿中心店),3.9,115,21,西康路沿线,麻辣烫
郭记烧饼(兴安路店),3.9,59,7,和平路,小吃
椒气小姐麻辣烫,3.9,141,25,西康路沿线,麻辣烫
沙野轻食,3.8,7,,南市,西餐
知恩斋老味小吃店,3.8,31,14,和平路,小吃
杨记过桥米线(吴家窑四号路店),3.8,46,15,南开大学/八里台,米线
南浮房大街传统老味煎饼,3.8,26,6,南开大学/八里台,快餐简餐
香酥童子鸡南京盐水鸭熏鸭,3.8,10,,鞍山道沿线,熟食熏酱
绝味鸭脖(西湖道店),3.8,74,32,海光寺/六里台,卤味鸭脖
阿呆锅贴水饺,3.8,9,,和平路,饺子
大四喜(国贸店),3.8,16,,小白楼,快餐简餐
街边小串驴肉火烧,3.8,18,19,五大道,快餐简餐
绝味鸭脖(福安大街店),3.8,149,29,滨江道,卤味鸭脖
天津大学学五食堂连岗餐饮,3.8,160,15,海光寺/六里台,快餐简餐
麦香鸡,3.8,73,9,滨江道,快餐简餐
杨胖子烧饼,3.8,15,,和平路,小吃
韦小堡西式快餐(和平店),3.8,2,,鞍山道沿线,西式快餐
赤味井饭,3.8,39,21,五大道,快餐简餐
常德道3号,3.8,10,,南开大学/八里台,快餐简餐
墨西哥塔可,3.7,3,,和平路,西餐
小胖子记忆中的妈妈菜(和平店),3.8,16,34,和平路,快餐简餐
井弘饭团(世纪都会店),3.8,148,20,五大道,小吃快餐
台资味·新派食堂(创新大厦店),3.8,86,27,南市,快餐简餐
河间驴肉火烧(二号路店),3.8,22,25,西康路沿线,快餐简餐
潘师傅大煎饼,3.8,7,,海光寺/六里台,快餐简餐
五町今半冷面王,3.8,38,17,南市,小吃
麦多馅饼(和平店),3.8,83,9,南市,快餐简餐
憨老头凉皮(南开二马路店),3.8,35,10,海光寺/六里台,快餐简餐
驴肉火烧(小白楼店),3.8,17,18,小白楼,快餐简餐
卷卷吧,3.8,9,,鞍山道沿线,快餐简餐
正宗梁府德州五香脱骨扒鸡店(迎宾二厂酱货直营店),3.8,14,,海光寺/六里台,熟食熏酱
呿品爆肚粉丝,3.7,39,24,滨江道,小吃快餐
肯德基,3.8,5,33,小白楼,快餐简餐
围炉锅盔(欧乐时尚广场店),3.7,46,10,滨江道,小吃快餐
张记壹班酱货,3.8,16,32,五大道,小吃
董记驴肉火烧(新华路店),3.8,18,,小白楼,快餐简餐
荨梦少女麻辣烫•麻辣拌(多伦道店),3.7,38,16,鞍山道沿线,麻辣烫
煎饼果子·烧饼里肌(天大店),3.7,23,4,海光寺/六里台,小吃
鹿鼎公韦小堡,3.8,95,16,南市,西式快餐
龙卷风蛋包饭,3.7,13,,和平路,快餐简餐
卉丸子家老味熟梨糕,3.8,52,16,五大道,津味小吃
孙记·味道,3.8,17,17,滨江道,快餐简餐
食尚鲜丰麻辣烫,3.8,33,17,滨江道,麻辣烫
赋予香花甲米线(南开区店),3.7,18,,海光寺/六里台,米线
老孙糖堆(三店),3.8,3,,海光寺/六里台,津味小吃
重庆麻辣烫(服装街店),3.7,43,11,和平路,麻辣烫
白吉馍快餐店,3.8,16,15,滨江道,快餐简餐
兰州马家一绝牛肉拉面(和平店),3.8,162,28,鞍山道沿线,面馆
王者蒸面·轻食,3.7,5,,和平路,西餐
芝士佳比萨,3.6,9,,南市,比萨
食惠坊,3.7,8,,西康路沿线,快餐简餐
江南食府(五纬路店),3.7,27,17,海光寺/六里台,快餐简餐
胖哥炸串,3.7,20,19,小白楼,炸鸡炸串
清真蒸饺烧麦馆,3.7,18,,和平路,快餐简餐
晨曦炖品鲍鱼饭(天津和平店),3.7,4,,鞍山道沿线,小吃快餐
郭记饺子馆,3.7,10,,和平路,饺子
天津医科大学总医院-营养餐厅,3.7,98,22,鞍山道沿线,快餐简餐
杨胖子烧饼(兰州道店),3.7,2,,海光寺/六里台,津味小吃
第一大街食铺,3.7,45,21,滨江道,快餐简餐
吉客排档(和平路店),3.7,14,20,和平路,快餐简餐
第一佳大鸡排(八里台店),3.7,229,14,南开大学/八里台,小吃
一品羊汤,3.7,43,18,五大道,快餐简餐
河间正宗驴肉火烧(同安道38号店),3.7,21,20,南开大学/八里台,快餐简餐
刘记驴肉馆(康定路店),3.7,18,23,鞍山道沿线,小吃
鲍喜鲍鱼饭·炖品(天津万达店),3.7,32,,和平路,快餐简餐
知乐津味煎饼果子(五大道店),3.7,61,12,五大道,快餐简餐
袁记特色小吃屋,3.7,15,12,小白楼,快餐简餐
迁西糖炒栗子,3.7,1,,五大道,栗子/干果
老刘头油焖瓜子,3.7,26,11,西康路沿线,栗子/干果
时记煎饼果子,3.7,86,10,五大道,快餐简餐
晓蕊家凉皮(福安店),3.7,10,,南市,快餐简餐
桂发祥十八街麻花,3.7,12,,海光寺/六里台,津味小吃
冰粉奇缘(乐宾百货店),3.7,17,15,滨江道,小吃快餐
憨老头凉皮(吴家窑二号店),3.7,27,7,西康路沿线,快餐简餐
叫了只炸鸡(劝业场店),3.7,22,19,鞍山道沿线,炸鸡炸串
回眸豆浆,3.7,16,12,鞍山道沿线,快餐简餐
杨弟煎饼,3.7,83,5,五大道,快餐简餐
虹河豆业,3.7,31,2,五大道,包子
朴小姐炸鸡拌饭(承德道店),3.7,9,,和平路,炸鸡炸串
特色烤羊腿,3.7,7,,西康路沿线,小吃快餐
时三烧饼大饼,3.7,30,3,五大道,小吃
八三小厨,3.6,10,,和平路,快餐简餐
wuli烤冷面,3.6,10,,滨江道,小吃
山东呛面纯碱馒头,3.6,10,,西康路沿线,包子
王老五烤鸡,3.6,38,21,小白楼,快餐简餐
凯凯麻辣烫(吴家窑四号路店),3.7,28,16,西康路沿线,麻辣烫
口口香黄焖鸡米饭,3.7,1,,西康路沿线,黄焖鸡
福满兜,3.6,4,,五大道,熟食熏酱
肯德基(永华店),3.7,9,33,南市,快餐简餐
辣骨气·辣骨饭(天津和平店),3.7,1,,南市,快餐简餐
糖墩糖粘子,3.6,6,,海光寺/六里台,小吃快餐
宴小碗,3.7,1,,鞍山道沿线,快餐简餐
煎饼果子瓷房子店,3.6,1,,和平路,快餐简餐
范七七韩式炸鸡,3.6,1,,海光寺/六里台,炸鸡炸串
岳记手工水饺,3.6,5,,和平路,饺子
卤三国酱货凉菜,3.7,26,24,五大道,熟食熏酱
烧饼哥(哈尔滨道店),3.6,11,,鞍山道沿线,小吃
良牛鲜定·牛肉酱拌饭,3.6,6,,和平路,快餐简餐
兴润餐厅(长春道店),3.6,8,,滨江道,快餐简餐
范师傅水饺,3.6,11,,和平路,饺子
快乐星汉堡(新兴路店),3.6,11,17,鞍山道沿线,西式快餐
食品超市熟食,3.6,7,,滨江道,熟食熏酱
小李烧饼王,3.6,3,,海光寺/六里台,小吃
卤肉饭麻辣烫,3.7,7,,和平路,麻辣烫
中国兰州牛肉拉面,3.7,18,15,海光寺/六里台,面馆
绝味鸭脖(天河城一店),3.6,200,38,和平路,卤味鸭脖
绝味鸭脖(荣业大街店),3.6,6,,南市,卤味鸭脖
997拌鸡架麻辣拌,3.6,1,,鞍山道沿线,小吃快餐
沟帮子熏鸡,3.6,20,30,鞍山道沿线,熟食熏酱
厨掌柜陆老师(同安道店),3.6,11,,西康路沿线,快餐简餐
烧饼王(河南路店),3.5,8,,滨江道,小吃
穆记酱牛肉,3.6,9,,海光寺/六里台,熟食熏酱
大城驴肉(鞍山道店),3.5,20,18,鞍山道沿线,小吃
紫米饭团(红磡美食城店),3.6,3,,海光寺/六里台,小吃快餐
老李酱牛肉,3.6,5,,五大道,津味小吃
老泳茂酱货店,3.6,16,28,滨江道,熟食熏酱
清真晓晖炸串,3.6,6,,鞍山道沿线,炸鸡炸串
海城馅饼锅贴,3.6,20,9,海光寺/六里台,快餐简餐
驴肉火烧(和平店),3.6,4,,和平路,快餐简餐
哈尔滨烤冷面,3.6,1,,鞍山道沿线,快餐简餐
回味香煎饼果子,3.6,5,,西康路沿线,快餐简餐
贺小冷卤味铺子,3.6,2,,南市,卤味鸭脖
正宗杭州鲜肉小笼包(承德道店),3.6,8,,和平路,包子
袁记肉夹馍(辽宁路店),3.6,5,19,和平路,快餐简餐
鲜粮卷饼王(卫津路店),3.6,5,,南开大学/八里台,快餐简餐
小王白吉馍腊汁肉,3.6,4,,海光寺/六里台,快餐简餐
曹姐煎饼果子,3.6,83,11,鞍山道沿线,快餐简餐
姥姥家的灶火炒饭(和平店),3.6,2,,和平路,快餐简餐
老张煎饼果子,3.6,11,,海光寺/六里台,快餐简餐
谢记快餐小吃,3.6,14,,和平路,快餐简餐
沙县小吃,3.6,1,,海光寺/六里台,快餐简餐
大成盛记腊汁肉白吉馍(滨江道店),3.6,10,17,滨江道,快餐简餐
穆记津味煎饼,3.6,13,,小白楼,快餐简餐
EFC MINI韩国炸鸡,3.6,6,,海光寺/六里台,炸鸡炸串
糖敦,3.6,1,,滨江道,小吃快餐
倍顺口包子铺,3.6,13,,南开大学/八里台,包子
全统永和,3.6,21,,和平路,快餐简餐
柏记水饺(万德庄大街店),3.6,25,26,海光寺/六里台,饺子
老丛盒饭,3.6,2,,南市,快餐简餐
味忆铭牛扒饭(新天地美食城店),3.6,2,,和平路,快餐简餐
高台阶云吞,3.5,1,,鞍山道沿线,馄饨|抄手|扁食
张晨光炒货,3.6,6,,海光寺/六里台,栗子/干果
栗粒香干果(福安市场店),3.6,8,21,南市,栗子/干果
邱氏制糖货,3.6,1,,鞍山道沿线,津味小吃
焦记石磨煎饼,3.6,12,,五大道,快餐简餐
生鲜馆,3.6,19,,五大道,小吃
快乐大本赢快餐店,3.6,10,,滨江道,快餐简餐
沙县小吃,3.6,9,,南市,快餐简餐
河间驴肉火烧,3.6,4,,小白楼,小吃
魏姐包心·台湾味包心,3.6,52,27,滨江道,快餐简餐
东信干货,3.6,7,,五大道,栗子/干果
天一花甲粉(金融街店),3.6,8,,海光寺/六里台,米线
苏式老汤牛肉饭,3.6,2,,海光寺/六里台,快餐简餐
烧饼王小吃店,3.6,16,,海光寺/六里台,快餐简餐
津味大排档,3.6,2,,滨江道,快餐简餐
福寿驴米线驴肉火烧水饺,3.6,3,,和平路,快餐简餐
金鸿利大锅饭小碗菜(联合力量红磡美食城),3.6,15,18,海光寺/六里台,快餐简餐
耿记面馆,3.6,2,,鞍山道沿线,快餐简餐
一纸鸡锡纸烧肉饭(和平店),3.6,9,,鞍山道沿线,快餐简餐
玩伴虾滑,3.6,6,,小白楼,快餐简餐
梁氏姐俩土豆粉(南开二马路店),3.6,10,,海光寺/六里台,快餐简餐
遇川·口水鸡米饭(和平店),3.6,3,,鞍山道沿线,快餐简餐
多多味馅饼粥店(辽宁路),3.6,2,,和平路,粥店
砂锅米线土豆粉(可味美食城店),3.6,9,,海光寺/六里台,快餐简餐
盼盼黄焖鸡,3.6,6,,五大道,黄焖鸡
李大刀凉皮,3.6,8,7,南市,快餐简餐
尚好客老汤烧鸡,3.6,6,,海光寺/六里台,烧鸡
老五栗子,3.6,9,,海光寺/六里台,栗子/干果
螺世家米粉,3.6,3,,滨江道,小吃
东北大冷面·米线,3.6,7,,鞍山道沿线,米线
天宝楼(气象台路店),3.5,29,36,西康路沿线,熟食熏酱
巴比鲜包(鞍山道店),3.5,51,9,海光寺/六里台,包子
中国兰州牛肉拉麺,3.5,25,28,和平路,快餐简餐
道口烧鸡,3.5,2,,海光寺/六里台,烧鸡
南开医院-食堂,3.5,94,16,海光寺/六里台,快餐简餐
桂发祥十八街麻花(南开二马路店),3.5,3,,南市,津味小吃
胖子烩面馆(玉泉路店),3.5,3,,海光寺/六里台,小吃快餐
二厂酱货,3.5,3,,南开大学/八里台,熟食熏酱
香到家瓜子干果店,3.5,3,,南市,栗子/干果
绝味鸭脖(世纪都汇店),3.5,18,,五大道,卤味鸭脖
津门永胜包子铺(河北路店),3.5,1,,滨江道,包子
自选快餐(八里台小吃街店),3.5,5,,南开大学/八里台,快餐简餐
山东大碱馒头,3.5,2,,南开大学/八里台,小吃
津门老味道自制酱菜,3.5,2,,海光寺/六里台,小吃
正和锅贴洪森福饭庄,3.5,48,30,五大道,生煎/锅贴
里里鸡·滋补蒸鸡滋补鸡汤·捞饭,3.5,8,,南市,快餐简餐
二厂酱货,3.5,3,,五大道,卤味鸭脖
美wei黄焖鸡米饭,3.5,6,,南市,黄焖鸡
德盛包子铺(河南路店),3.5,35,14,鞍山道沿线,包子
吕小呆|猛火海鲜蛋炒饭,3.5,1,,和平路,快餐简餐
失控猫元气烧肉饭(联合力量美食城店),3.5,3,,南市,快餐简餐
老柳炒货,3.5,7,,海光寺/六里台,栗子/干果
鲜粮卷饼王(荣业大街店),3.5,10,,南市,快餐简餐
老友面餐厅,3.5,6,14,和平路,快餐简餐
粤海阁鲍鱼饭,3.5,1,,海光寺/六里台,黄焖鸡
天一花甲粉,3.5,1,,海光寺/六里台,花甲
好再来餐厅,3.5,9,,海光寺/六里台,快餐简餐
三盛里炸串,3.5,2,,五大道,炸鸡炸串
蓝宇餐厅,3.5,6,,西康路沿线,快餐简餐
润丰快餐(长春道店),3.5,11,,和平路,快餐简餐
佰悦君小吃店,3.5,9,,海光寺/六里台,小吃
牛魔王(甘肃路店),3.5,54,25,鞍山道沿线,快餐简餐
甜甜餐厅(昆明路店),3.5,4,,五大道,快餐简餐
天穹水饺锅贴,3.5,7,,海光寺/六里台,生煎/锅贴
阎师傅熟梨糕,3.5,3,,南开大学/八里台,津味小吃
空投炸串,3.5,5,,五大道,炸鸡炸串
老高煎饼果子,3.5,9,,西康路沿线,快餐简餐
炒亿饭•自提,3.5,3,,海光寺/六里台,快餐简餐
津味大糖堆,3.5,1,,滨江道,津味小吃
彤程餐厅,3.5,3,,和平路,快餐简餐
蜀小贝,3.5,11,,西康路沿线,卤味鸭脖
大帅口水鸡(多伦道店),3.5,1,,和平区,快餐简餐
客来福包子铺,3.5,2,,滨江道,包子
菜老包(天津建和菜市场店),3.5,4,,五大道,快餐简餐
吉祥菜馆,3.5,9,,海光寺/六里台,快餐简餐
食品二厂酱货专卖,3.5,2,,海光寺/六里台,熟食熏酱
荔滋烫捞麻辣烫,3.5,28,,滨江道,麻辣烫
味多多芝士焗饭(南开店),3.5,7,,海光寺/六里台,快餐简餐
宛大娘·小碗菜(和平店),3.5,2,,南市,快餐简餐
施明快餐店,3.5,3,,和平路,快餐简餐
石磨纯绿豆煎饼,3.5,3,,南开大学/八里台,快餐简餐
大肚水饺(纯手工),3.5,1,,鞍山道沿线,饺子
麦香堡(天大校医院店),3.5,16,15,海光寺/六里台,快餐简餐
山杏豆业,3.5,4,,南市,快餐简餐
信华快餐,3.5,6,,滨江道,快餐简餐
至味优粮(滨江道),3.5,13,25,和平路,快餐简餐
王记煎饼果子,3.5,3,,小白楼,快餐简餐
超吉客汉堡炸鸡饮品,3.5,3,,南市,小吃
味一合老六快餐,3.5,4,,海光寺/六里台,快餐简餐
鑫美味黄焖鸡,3.5,3,,南市,黄焖鸡
友谊粥铺,3.5,3,,和平路,粥店
张记麻辣香锅麻辣烫(玉泉路分店),3.5,6,,海光寺/六里台,麻辣烫
乐克汉堡,3.5,5,,海光寺/六里台,西式快餐
润掌柜,3.5,2,,和平路,粥店
五面谱·便当刀削面凉皮凉面(千百味美食城店),3.5,5,,南市,快餐简餐
津门苏家菜馆,3.5,3,,滨江道,快餐简餐
拉面板面水饺牛杂面刀削面,3.5,2,,和平路,小吃
伊华斋酱牛肉,3.5,4,,海光寺/六里台,津味小吃
青禾蒸肉饭,3.5,4,,海光寺/六里台,快餐简餐
碗里斗老式麻辣烫(天津海光寺店),3.5,2,,海光寺/六里台,麻辣烫
建恒煎饼果子,3.5,4,,海光寺/六里台,快餐简餐
天津特产麻花店,3.5,3,,和平路,津味小吃
十八街麻花(长春道店),3.5,2,,和平路,小吃
凤姐煎饼,3.5,7,,五大道,快餐简餐
川谱口水鸡,3.5,1,,西康路沿线,熟食熏酱
胡同里牛肉饭,3.5,4,,小白楼,快餐简餐
陕西西安凉皮,3.5,3,,西康路沿线,快餐简餐
重庆酸辣粉,3.5,4,,和平路,小吃快餐
新派臭豆腐,3.5,2,,和平路,小吃快餐
千哥快餐店,3.5,10,15,南开大学/八里台,快餐简餐
满口福麻辣拌,3.5,2,,西康路沿线,麻辣烫
QJ汉堡,3.5,1,,南市,西式快餐
乐鱼,3.5,1,,滨江道,炸鸡炸串
卤肉盖浇饭,3.5,3,,和平路,快餐简餐
重庆小面酸辣粉(百货大楼店),3.5,5,,和平路,小吃快餐
意来祥(文明里店),3.5,2,,和平路,熟食熏酱
伊味斋快餐,3.5,4,,海光寺/六里台,快餐简餐
胡记煲仔饭(联合力量万达美食城店),3.5,10,,和平路,快餐简餐
卤道卤香(津塔),3.5,1,,和平路,快餐简餐
"翻滚吧,炒饭",3.5,3,,南开大学/八里台,快餐简餐
哥俩好煎饼果子,3.5,2,,西康路沿线,快餐简餐
山东开发馒头房,3.5,2,,海光寺/六里台,包子
秦乡凉皮凉面(滨江购物中心店),3.5,10,11,小白楼,快餐简餐
老津味烧肉饭,3.5,2,,海光寺/六里台,快餐简餐
乐克炸鸡汉堡(卫津路店),3.5,1,,西康路沿线,西式快餐
大刀凉皮(华安大街店),3.5,2,,南市,快餐简餐
煲仔饭砂锅粥9点到9点30送,3.5,2,,西康路沿线,快餐简餐
现烤鱿鱼丝,3.5,1,,海光寺/六里台,小吃
二厂酱,3.5,3,,南开大学/八里台,卤味鸭脖
福禄喜手撕椒麻鸡,3.5,4,,海光寺/六里台,快餐简餐
九块九便当,3.5,1,,海光寺/六里台,快餐简餐
川鲁风味,3.5,1,,鞍山道沿线,小吃
胡成利花样烧饼王,3.5,5,,海光寺/六里台,小吃
李先生加州牛肉面(浙江路店),3.5,52,16,小白楼,快餐简餐
小郝老汤烧鸡,3.5,8,,鞍山道沿线,烧鸡
晓蕊家凉皮(吴家窑店),3.5,1,,西康路沿线,快餐简餐
上吉铺黄焖鸡米饭,3.5,4,,和平路,黄焖鸡
正宗成都夫妻肺片,3.5,1,,滨江道,熟食熏酱
杭州小笼包 蒸饺,3.5,1,,南市,包子
80后老味炸串(万德庄店),3.5,1,,海光寺/六里台,炸鸡炸串
老大爷煎饼果子,3.5,3,,小白楼,快餐简餐
珠螺纪,3.5,1,,海光寺/六里台,小吃快餐
有滋有味(金之谷店),3.5,1,,和平路,快餐简餐
武记卷饼炸串,3.5,2,,滨江道,炸鸡炸串
壹桶干拌冒菜(陕西路店),3.5,3,,鞍山道沿线,快餐简餐
鸡蛋灌饼,3.5,3,,五大道,快餐简餐
兄弟厨房美食餐厅,3.5,1,,和平路,快餐简餐
卡拉牛牛肉饭,3.5,1,,鞍山道沿线,快餐简餐
大圆碗快餐,3.5,1,,小白楼,快餐简餐
风味小吃,3.5,2,,西康路沿线,小吃
老北京雪梨汤(民园店),3.5,2,,五大道,小吃快餐
一珍麻辣烫,3.5,2,,南市,麻辣烫
正新鸡排(6店),3.5,2,,海光寺/六里台,炸鸡炸串
友谊快餐,3.5,2,,和平路,快餐简餐
0090炸鸡汉堡店(天津医科大学店),3.5,1,,西康路沿线,西式快餐
津五方嫩牛五方,3.5,1,,南市,快餐简餐
铁饭碗盖浇饭,3.5,2,,南市,快餐简餐
老味石磨煎饼果子,3.5,2,,海光寺/六里台,快餐简餐
饺子王,3.5,2,,海光寺/六里台,饺子
黄小鲜快餐,3.5,3,,海光寺/六里台,快餐简餐
喜糖快餐,3.5,2,,和平区,快餐简餐
盖式兄弟牛油拌饭,3.5,1,,南市,快餐简餐
石磨煎饼,3.5,1,,海光寺/六里台,快餐简餐
鑫盛园老汤烧鸡,3.5,1,,南市,烧鸡
月鸿运中式餐厅,3.5,3,,和平路,快餐简餐
天新快餐,3.5,3,,南市,快餐简餐
墨迹餐饮馆,3.5,1,,和平路,快餐简餐
江宁鸭血粉丝汤(滨江购物中心店),3.5,4,,小白楼,快餐简餐
晋善美快餐,3.5,1,,和平路,快餐简餐
清真·明记西北角老味酱牛肉,3.5,1,,海光寺/六里台,津味小吃
半米空间餐厅,3.5,10,,海光寺/六里台,快餐简餐
汇金餐厅,3.5,1,,和平路,快餐简餐
标典小吃店,3.5,1,,海光寺/六里台,熟食熏酱
金英干果,3.5,2,,西康路沿线,栗子/干果
津味黄焖鸡米饭(环球金融店),3.5,1,,和平路,黄焖鸡
绝味鸭脖(号外店),3.5,11,,五大道,卤味鸭脖
张记麦香大饼,3.5,1,,海光寺/六里台,快餐简餐
炸鸡先生,3.5,1,,和平路,炸鸡炸串
康乐美食坊,3.5,1,,小白楼,快餐简餐
自家饭,3.5,2,,鞍山道沿线,快餐简餐
孔府酒家楼,3.5,12,,南市,快餐简餐
栗香源干鲜果品店,3.5,1,,滨江道,栗子/干果
十八街麻花(山东路店),3.5,35,46,和平路,快餐简餐
大饼鸡蛋鸡排鸡柳(哈尔滨道店),3.5,2,,和平路,快餐简餐
陈记古法淮南牛肉汤,3.5,1,,滨江道,快餐简餐
新起点盖饭,3.5,1,,和平路,快餐简餐
天津特色小吃,3.5,2,,和平路,小吃
穆记小吃(陕西路店),3.5,3,,海光寺/六里台,小吃
美食园快餐,3.5,1,,滨江道,快餐简餐
272医院-食堂,3.5,1,,海光寺/六里台,快餐简餐
万全小厨,3.5,3,,海光寺/六里台,快餐简餐
食宜家,3.5,1,,和平路,小吃
多贺谷,3.5,1,,和平路,日式简餐/快餐
汤小丫炖品·小份菜,3.5,54,23,南市,快餐简餐
新信快餐,3.5,2,,西康路沿线,快餐简餐
老王河间驴肉火烧(多伦道店),3.5,2,,南市,快餐简餐
王府美食城,3.5,2,,南市,快餐简餐
外婆烫饭(蒙古路店),3.5,1,,鞍山道沿线,快餐简餐
方记大肚锅贴水饺,3.5,2,,和平路,饺子
暖心疙瘩汤,3.5,1,,和平路,快餐简餐
大阪烧,3.5,1,,和平路,小吃快餐
香香·四川苕粉,3.5,2,,和平路,快餐简餐
营养粥,3.5,1,,海光寺/六里台,粥店
烤鱼大叔·香辣无骨烤鱼饭(小白楼店),3.5,6,,小白楼,快餐简餐
云记重庆鸡公煲,3.5,1,,滨江道,快餐简餐
鸡蛋灌饼(十一中学店),3.5,1,,小白楼,快餐简餐
蛮太郎·火锅鸡·牛油拌饭,3.5,2,,海光寺/六里台,快餐简餐
豆腐坊(湖南路店),3.5,1,,五大道,小吃
蜀乡食(快餐),3.5,13,35,和平路,快餐简餐
饭范,3.5,2,,南市,快餐简餐
长沙臭豆腐(乐宾百货店),3.5,24,15,滨江道,小吃快餐
云庆快餐,3.5,1,,和平路,快餐简餐
味绝诱惑川味麻辣烫,3.5,3,,海光寺/六里台,麻辣烫
万贯驴肉火烧,3.5,6,21,和平路,小吃
凉皮焖子(西湖道店),3.5,1,,海光寺/六里台,快餐简餐
豆豆便当(联合力量红磡美食城店),3.5,2,,海光寺/六里台,快餐简餐
早餐车,3.5,1,,滨江道,快餐简餐
丁小卡分子厨房·健康简餐(和平区哈雷餐厅),3.5,5,,南市,快餐简餐
晓蕊家凉皮,3.5,2,,和平路,快餐简餐
竹巷真味(五大道店),3.5,1,,五大道,快餐简餐
Iloye greend,3.5,1,,和平路,快餐简餐
美盈快餐,3.5,3,,和平路,快餐简餐
程记能喝汤的麻辣烫,3.5,3,,和平路,麻辣烫
板面牛杂面,3.5,10,,五大道,面馆
智选假日酒店-中餐厅,3.6,27,73,鞍山道沿线,其他中餐
Strawberry Inn&Cafe(五大道店),3.9,3,,五大道,咖啡厅
菜团子,3.8,36,6,海光寺/六里台,天津菜
兰州拉面,3.8,16,14,滨江道,面馆
安徽小吃(哈尔滨道店),3.5,22,10,滨江道,徽菜
Bakery,3.5,3,,和平路,西餐
SO•轻食(和平店),3.5,7,,西康路沿线,西餐
芝心姐姐披萨&焗饭,3.5,1,,小白楼,比萨
tr beca(伊势丹百货现代城店),3.5,1,,滨江道,西餐
壹佳披萨奶茶店,3.5,2,,小白楼,比萨
四川菜馆,3.5,20,22,滨江道,川菜馆
老门口麻辣串串,3.5,3,,五大道,串串香
五粮液旗舰店,3.5,9,,五大道,更多食品保健
PolarCafe咖啡·鲜果茶(国际金融中心店),3.8,72,25,滨江道,咖啡厅
原鲜回转寿司(万达商业广场店),3.5,22,,南市,寿司
中国兰州牛肉拉面(西安道店),3.8,31,16,五大道,面馆
窦四牛杂面(诚基店),3.6,30,25,五大道,面馆
正宗安徽淮南牛肉汤(长沙路店),3.6,23,15,五大道,面馆
TOM·TACO西班牙塔可(和平店),3.5,2,,南市,咖啡厅
福安菜市场,3.9,73,47,南市,水果生鲜
伏小桃(和平大悦城店),3.7,8,,滨江道,茶饮果汁
何家面馆(鞍山道店),3.8,20,15,鞍山道沿线,面馆
孙浩特色牛杂面板面(万德庄店),3.5,26,19,海光寺/六里台,面馆
山西面馆(万全道店),3.7,34,11,鞍山道沿线,面馆
兰州正宗牛肉拉面(兴安路店),3.6,36,16,和平路,面馆
兰州牛肉拉面(万德庄大街店),3.8,26,13,海光寺/六里台,面馆
三友老味黄汤拉面,3.5,9,,五大道,面馆
AIKOOO COFFEE 咖啡,3.7,2,,鞍山道沿线,咖啡厅
王记板面(万德庄店),3.6,44,15,海光寺/六里台,面馆
EP Coffee,3.6,39,43,海光寺/六里台,咖啡厅
凤凰庄·柴苑柴咖猫咖,3.7,2,,和平路,咖啡厅
星巴克(天津环球金融中心店),3.8,9,,和平路,咖啡厅
南市老王拉面,3.7,55,29,南市,面馆
天津大学清真食堂,3.7,14,17,海光寺/六里台,家常菜
惠和祥重庆鸡公煲,3.7,12,25,南开大学/八里台,川菜馆
王老爹绿豆焖子,3.8,35,14,五大道,焖锅
水煮春秋串串香小火锅,3.7,12,,和平路,小火锅
爱尚火锅鸡(和平店),3.6,17,,滨江道,火锅
原汤日记.好汤配好饭,3.5,1,,小白楼,火锅
二BAI涮涮锅(乐宾百货店),3.5,2,,滨江道,小火锅
成都冷锅串串,3.5,2,,和平路,串串香
永元德(天赐园店),3.5,16,50,南市,火锅
天府老妈,3.5,1,,和平路,火锅
裕德隆涮肉坊,3.5,4,,小白楼,火锅
叶叶青火锅城,3.5,4,,鞍山道沿线,火锅
泡泡火锅,3.5,2,,西康路沿线,火锅
阿四饭庄(和平店),3.7,28,35,西康路沿线,其他中餐
浣熊鲜生·水果·果切·果捞(天津和平店),3.8,3,,滨江道,水果店
城市&农庄,3.8,5,,鞍山道沿线,水果生鲜
哈尔滨烤冷面,3.9,104,11,滨江道,面馆
牧凯丰黑猪肉专卖店,3.7,14,,五大道,生鲜
新兴菜市场,3.8,26,28,西康路沿线,水果生鲜
文林豆制品,3.7,25,,西康路沿线,生鲜
鲜又多(贵阳路店),3.7,51,39,滨江道,水果店
聚家乐生鲜超市,3.8,24,,西康路沿线,生鲜
吉顺祥生鲜超市,3.7,5,,鞍山道沿线,生鲜
四季鲜水果超市,3.8,21,,海光寺/六里台,水果店
信德园生鲜,3.7,13,,海光寺/六里台,生鲜
高原私房牛肉面,3.9,38,15,五大道,面馆
雪域宫中国兰州牛肉拉面,3.5,14,22,和平路,面馆
切果匠(联合力量小白楼美食城店),3.7,2,,小白楼,水果店
每日优鲜app,3.7,9,,五大道,水果店
小贾水产,3.6,2,,滨江道,生鲜
刘记牛羊肉,3.7,1,,南市,生鲜
宜昌道菜市场,3.7,40,17,西康路沿线,水果生鲜
秦晋面馆(滨江购物中心店),3.8,20,22,小白楼,面馆
天竑板面,3.8,46,15,和平路,面馆
利得盛蔬菜批发总店,3.6,6,,西康路沿线,生鲜
便民调料超市,3.6,1,,海光寺/六里台,水果店
本来鲜(二马路店),3.7,26,35,海光寺/六里台,水果店
辰颐物语,3.6,3,,滨江道,水果生鲜
源之园(树上水果体验店),3.7,5,,鞍山道沿线,水果店
中国兰州牛肉拉麺(湖北路店),3.5,7,,小白楼,面馆
兴河里菜市场,3.6,10,,西康路沿线,水果生鲜
老四蔬菜紫阳道店,3.6,2,,海光寺/六里台,水果生鲜
肉联厂直销,3.6,1,,西康路沿线,生鲜
小魏水果店,3.6,7,,南市,水果店
老五牛羊肉店,3.6,1,,滨江道,生鲜
牛骨面档,3.8,26,25,和平路,面馆
中国兰州牛肉面,3.6,8,,南开大学/八里台,面馆
卤香面馆,3.6,41,17,滨江道,面馆
中国兰州牛肉拉面(兰州道店),3.6,27,14,鞍山道沿线,面馆
老张板面(南开店),3.6,5,,海光寺/六里台,面馆
津味捞面,3.6,23,22,滨江道,面馆
中国兰州牛肉拉麺,3.6,9,,小白楼,面馆
板面牛杂面(诚基店),3.6,11,,五大道,面馆
渝味山城,3.6,34,18,小白楼,面馆
中国兰州牛肉拉面(山西路店),3.6,2,,鞍山道沿线,面馆
特色牛杂面板面,3.6,2,,鞍山道沿线,面馆
重庆小面(津塔写字楼店),3.6,9,,和平路,面馆
袁浩家板面(鞍山西道店),3.5,2,,海光寺/六里台,面馆
小李老汤面馆,3.6,5,,海光寺/六里台,面馆
兰州拉面,3.6,8,,西康路沿线,面馆
兰州拉面,3.6,29,14,西康路沿线,面馆
安徽牛肉板面,3.6,1,,海光寺/六里台,面馆
益家板面,3.6,5,,滨江道,面馆
兰州牛肉拉面(兴安路),3.6,2,,意大利风情区/火车站,面馆
四川面馆(山西路店),3.6,9,28,和平路,面馆
中国兰州牛肉拉面(天大店),3.6,18,15,海光寺/六里台,面馆
老街拉面,3.5,5,,鞍山道沿线,面馆
老六面馆(长春道店),3.5,8,,和平路,面馆
小陈利达面食店,3.5,1,,南市,面馆
营爽顺心面馆,3.5,4,,鞍山道沿线,面馆
手撕鸡拌面(联合力量共享厨房店),3.5,4,,小白楼,面馆
正宗牛杂面,3.5,13,16,海光寺/六里台,面馆
闫记面馆,3.5,6,,和平路,面馆
王记面馆,3.5,2,,鞍山道沿线,面馆
广善大街刀削面馆,3.5,2,,南市,面馆
山西面馆(长春道店),3.5,30,15,滨江道,面馆
荠岛日式拉面(联合力量红勘美食城店),3.5,4,,海光寺/六里台,面馆
大碗宽面,3.5,2,,小白楼,面馆
私房牛肉面,3.5,4,,和平路,面馆
安徽板面,3.5,6,,海光寺/六里台,面馆
关东煮烤冷面,3.5,16,,滨江道,面馆
山西刀削面,3.5,4,,五大道,面馆
孙浩牛杂面,3.5,34,23,和平路,面馆
兰州拉面,3.5,5,,和平路,面馆
朴小姐烧汁牛排饭(荣业大街店),3.5,5,,南市,面馆
劲道板面王(红磡店),3.5,2,,海光寺/六里台,面馆
清真牛拉面,3.5,5,,和平路,面馆
安徽板面,3.5,1,,海光寺/六里台,面馆
颜先生牛肉面,3.5,2,,南开大学/八里台,面馆
津味捞面馆,3.5,2,,鞍山道沿线,面馆
特色碗碗香面条,3.5,1,,南开大学/八里台,面馆
翘花椒重庆面馆,3.5,3,,滨江道,面馆
中国化隆牛肉面(锦州道店),3.5,2,15,和平路,面馆
疆有良品,3.7,1,,滨江道,新疆菜
木卡姆新疆风味园,3.5,2,,海光寺/六里台,新疆菜
御膳小厨,3.9,55,23,和平路,天津菜
欣缘餐厅,3.8,21,21,和平路,天津菜
天津卫蒸饺,3.8,64,46,五大道,天津菜
尝香聚主题餐厅,3.6,19,,滨江道,天津菜
九爷的小食堂,3.6,11,,南开大学/八里台,天津菜
津粤宴,3.5,4,,小白楼,天津菜
江北餐厅,3.5,51,34,南开大学/八里台,天津菜
王记小厨,3.5,1,,滨江道,天津菜
二磊菜馆,3.5,5,,鞍山道沿线,天津菜
津味津典,3.5,3,,和平路,天津菜
津菜馆,3.5,1,,和平路,天津菜
欣宜麻辣香锅,3.7,250,46,西康路沿线,干锅/香锅
冯超炒货(玉泉路店),3.9,59,43,海光寺/六里台,更多食品保健
果唯伊(和平店),3.8,14,31,西康路沿线,水果店
燕之屋·碗燕(天河城店),3.9,15,,和平路,保健品
四季鲜水果超市,3.8,21,,海光寺/六里台,水果店
双粒记,3.8,7,,西康路沿线,零食
天津特产·麻花·双顺斋食品店,3.8,128,121,和平路,更多食品保健
密西林西餐食品销售中心(新疆路店),3.7,21,121,鞍山道沿线,更多食品保健
鑫鑫奶站,3.7,13,,南开大学/八里台,保健品
雪山飞狐零食量贩(鞍山道店),3.7,39,32,鞍山道沿线,零食
Premium食品馆,3.7,13,,和平路,更多食品保健
燕子鲜果超市,3.7,4,,小白楼,水果店
同安菜市场,3.6,19,14,西康路沿线,水果生鲜
天津大学西门菜市场,3.7,27,10,海光寺/六里台,水果生鲜
旺源驼奶旗舰店,3.7,19,,海光寺/六里台,零食
小鹿零食家(万德庄店),3.7,44,35,海光寺/六里台,零食
清坊进口食品体验店,3.7,5,,海光寺/六里台,零食
吉味土豆粉,3.7,1,,西康路沿线,东北菜
四川路菜市场,3.6,17,,小白楼,水果生鲜
满家乐生鲜超市,3.6,52,31,鞍山道沿线,水果生鲜
利众生鲜超市(红磡店),3.6,3,,海光寺/六里台,生鲜
青县平价水果蔬菜批发,3.6,5,,海光寺/六里台,水果店
老陈水产,3.6,4,,南市,生鲜
菜老包(天津福安菜市场店),3.6,8,,南市,生鲜
妙果精品水果(万德庄店),3.6,11,,海光寺/六里台,水果店
和平粮油和平挂面直营超市,3.6,5,,滨江道,生鲜
鲜熟时客·胜利果蔬店,3.6,1,,西康路沿线,水果生鲜
大宝菜果和平店,3.6,2,,五大道,生鲜
獐子岛(海信广场店),3.6,4,,小白楼,更多食品保健
连进砂锅,3.7,59,23,海光寺/六里台,东北菜
三只松鼠(滨江道店),3.6,3,,滨江道,零食
福启源老味炖菜,3.6,11,,南市,东北菜
农鲜生活(宜昌道店),3.5,2,,西康路沿线,生鲜
马记牛羊肉,3.5,4,,鞍山道沿线,水果生鲜
丹东大草莓,3.5,7,100,和平路,水果生鲜
利达面粉,3.5,1,,南市,生鲜
迎宾放心肉专卖店,3.5,2,,南市,水果生鲜
水果消消乐.水果捞(鞍山道店),3.5,4,,海光寺/六里台,水果店
大合社 万德庄店,3.5,1,,海光寺/六里台,水果生鲜
地利生鲜超市(西湖村大街店),3.5,4,,海光寺/六里台,生鲜
5色果子(水果仓储禄安大街店),3.5,4,,和平路,水果店
眼镜水产(紫阳路店),3.5,1,114,海光寺/六里台,生鲜
老四家鲜果超市,3.5,9,,西康路沿线,水果店
利达切面,3.5,3,,海光寺/六里台,水果生鲜
小王水产,3.5,1,,西康路沿线,生鲜
果优乐鲜果切,3.5,3,,南市,水果店
留荣水产,3.5,4,,鞍山道沿线,生鲜
便民蔬菜(岳湖道店),3.5,1,,海光寺/六里台,生鲜
切果乐(和平店),3.5,1,,鞍山道沿线,水果店
阿伍特色水果,3.5,8,,海光寺/六里台,水果店
鲜熟时客(福安路店),3.5,1,,南市,水果生鲜
清雅果蔬,3.5,6,,五大道,水果店
杨记水产 大成鸡系列 锡盟羔羊片,3.5,4,18,海光寺/六里台,生鲜
香榭菜市场,3.5,4,,西康路沿线,水果生鲜
果优乐鲜果切,3.5,2,,鞍山道沿线,水果店
紫阳水果店(紫阳路店),3.5,1,,海光寺/六里台,水果店
淑萍菜店,3.5,3,,滨江道,生鲜
大连财神岛蒸制海参(南市店),3.6,6,,南市,保健品
五福骨汤砂锅,3.6,1,,南市,东北菜
雁鸣湖纳豆(天津和平总店),3.6,7,,西康路沿线,更多食品保健
琦永胜奶品商店微利烟酒店,3.6,6,,西康路沿线,更多食品保健
铃曼·精品拌饭,3.6,1,,西康路沿线,韩国料理
金三顺紫菜包饭烤冷面,3.6,1,,南市,韩国料理
正一味(乐宾百货店),3.5,35,24,滨江道,韩国料理
金氏朝鲜拌菜,3.5,1,,南市,韩国料理
HighFive韩式炸鸡(西湖道店),3.5,1,,海光寺/六里台,韩国料理
朕毅林,3.8,34,8,海光寺/六里台,其他美食
炫境佛跳墙,3.8,32,39,和平路,其他中餐
Fisseer海信广场店,3.7,1,,小白楼,其他美食
顺德鸿,3.7,16,8,和平路,其他美食
山海关豆腐坊(新兴店),3.6,9,,南开大学/八里台,其他中餐
米丞相小碗菜,3.6,4,,和平路,其他中餐
南洋饭店,3.6,21,62,小白楼,其他中餐
网红劲爆吮指鸡,3.5,1,,海光寺/六里台,其他美食
食社,3.5,14,,滨江道,其他美食
80号别墅,3.5,2,,小白楼,其他中餐
津澜生活馆,3.5,3,,和平路,其他美食
胖哥料理(大悦城店),3.5,4,,南市,其他中餐
燕顺岭菜馆,3.5,10,,海光寺/六里台,其他中餐
昀餐厅,3.5,7,12,滨江道,其他美食
志禧网络巨量引擎,3.5,2,,海光寺/六里台,其他美食
索南曲珍快闪店,3.5,1,,五大道,其他中餐
少帅(零食铺),3.5,14,,和平路,其他中餐
珈拾叁,3.5,1,,南市,其他美食
丽人和食府,3.5,1,,南开大学/八里台,其他美食
薪青年餐厅,3.5,1,,小白楼,其他中餐
鲜奶吧(凯旋门店),3.6,34,,小白楼,茶饮果汁
和平挂面厂经营部,3.8,33,17,鞍山道沿线,更多食品保健
竹叶青(海信广场店),3.7,28,,小白楼,更多食品保健
鑫鑫奶站,3.8,13,,南开大学/八里台,保健品
吉林长白山农品馆,3.6,14,,和平路,保健品
甜甜の米花坊,3.6,5,,五大道,零食
集品堂(海信广场店),3.5,9,,小白楼,更多食品保健
大城鸡肉专卖姐妹厨房,3.5,3,,西康路沿线,更多食品保健
绿色联盟,3.5,19,,和平路,更多食品保健
利丰食品店烟酒食品,3.5,1,,海光寺/六里台,更多食品保健
冠琪联兴食品店,3.5,2,,和平路,更多食品保健
迎宾专卖,3.5,2,,西康路沿线,更多食品保健
爱有梅有(麦购店),3.5,3,,南市,零食
KTL乒乓专卖,3.5,1,,和平路,更多食品保健
零食站点,3.5,2,,海光寺/六里台,零食
红恋人即食燕窝,3.5,3,,小白楼,更多食品保健
芜昌酱货,3.5,2,,鞍山道沿线,更多食品保健
天津市德氏高食品有限公司,3.5,1,,西康路沿线,更多食品保健
立军粮行,3.5,1,,海光寺/六里台,更多食品保健
台北101牛轧糖,3.5,1,,滨江道,更多食品保健
物业人家淮扬菜府,3.8,17,103,滨江道,淮扬菜
清真老哈牛肉饭,3.5,5,,南市,特色菜
盛福来清真餐馆,3.5,67,55,五大道,特色菜
彩云肴新派融合菜,3.5,1,,海光寺/六里台,特色菜
孟记祥云快餐,3.5,1,,西康路沿线,特色菜
X疆味大盘鸡炒米粉,3.9,22,28,鞍山道沿线,新疆菜
骨头店,3.5,3,,五大道,东北菜
川天椒麻辣烫麻辣香锅(河北路店),3.9,125,31,滨江道,干锅/香锅
小巷麻辣香锅(小白楼店),3.8,32,24,小白楼,干锅/香锅
华晓晓新疆炒米粉,3.8,2,,海光寺/六里台,新疆菜
川湘渝餐厅(哈尔滨道店),3.7,39,18,滨江道,川菜馆
川蜀说·老成都火锅冒菜·麻辣香锅,3.7,3,,鞍山道沿线,干锅/香锅
老四川口水鸡米饭,3.7,6,,和平路,川菜馆
成都小吃(隆昌里店),3.6,56,31,鞍山道沿线,川菜馆
沸腾渔乡(海光寺店),3.7,6,,海光寺/六里台,酸菜鱼/水煮鱼
渝水情干锅水煮鱼,3.6,26,32,和平路,酸菜鱼/水煮鱼
清胜饭馆,3.6,14,19,滨江道,川菜馆
好好吃饭麻辣香锅,3.6,1,,和平路,干锅/香锅
德成川菜馆,3.6,11,,和平路,川菜馆
辣子与厨子●川湘小炒,3.6,2,,南市,川菜馆
川鲁餐馆(医科大学店),3.6,18,31,西康路沿线,鲁菜
小龙菇·麻辣香锅(和平店),3.6,2,,和平路,干锅/香锅
川香园家常菜,3.6,10,,滨江道,川菜馆
津川香特色小炒(和平店),3.6,2,,和平路,川菜馆
英才餐厅,3.6,12,,海光寺/六里台,鲁菜
鼎纪元川式干锅,3.6,6,,南市,干锅/香锅
卢记麻辣香锅,3.6,1,,和平路,干锅/香锅
清真食堂,3.6,9,,南开大学/八里台,西北民间菜
范小野の日式烤肉丼饭(南开店),3.6,4,,海光寺/六里台,日式简餐/快餐
蜀香家园,3.5,236,33,海光寺/六里台,川菜馆
锦江楼,3.5,4,,西康路沿线,内蒙菜
就是小馆,3.5,10,,鞍山道沿线,川菜馆
渔小妹酸菜鱼(同安道店),3.5,4,,南开大学/八里台,酸菜鱼/水煮鱼
艺满园小酒馆,3.5,7,,和平路,川菜馆
遇见天河美食台湾小吃,3.5,3,,和平路,台湾菜
华钜快餐,3.5,3,,西康路沿线,干锅/香锅
EN JOY BAR 1998,3.6,1,,和平路,饮品店
椿嫂·老长沙湘菜(和平店),3.5,2,,西康路沿线,湘菜
果蜂狂·水果捞·鲜果切(西康路店),3.5,3,,西康路沿线,饮品店
X手打柠檬茶,3.8,17,17,鞍山道沿线,茶饮果汁
绿风饭店,3.5,2,,海光寺/六里台,苏浙菜
不眠海 Sober Hi(和平区和平路248号店),3.5,1,,和平路,饮品店
有钱花下午茶,3.9,102,24,和平路,饮品店
1点点(和平大悦城店),3.9,1656,17,五大道,茶饮果汁
二凡子烤鸭,3.8,65,33,西康路沿线,烤鸭
阿甘果木烤鸭(岳阳道诚基店),3.7,27,26,五大道,烤鸭
老北京爆肚,3.5,10,,和平路,京菜
传统风味老北京卤煮,3.5,1,,滨江道,京菜
美元香河肉饼家常菜,3.8,58,32,西康路沿线,家常菜
许记小炒,3.6,17,21,滨江道,家常菜
宛家老店(康定路店),3.6,77,65,西康路沿线,家常菜
宫爆传奇家常菜,3.5,3,,小白楼,家常菜
福满运家常菜馆,3.5,4,,和平路,家常菜
老三饭馆,3.5,6,,海光寺/六里台,家常菜
龙通大厦餐厅,3.5,9,12,五大道,家常菜
全顺居东北农家菜,3.5,1,,南市,农家菜
农家菜馆,3.5,1,,滨江道,农家菜
祖母的茶(天河城店),3.7,84,25,和平路,茶饮果汁
Amusement便利店,3.9,12,,小白楼,饮品店
1点点(博联大厦店),3.9,120,17,西康路沿线,茶饮果汁
悠咔琪刨冰,3.9,15,29,南市,冰淇淋
肯德基甜品站(快闪店),3.9,73,23,小白楼,冰淇淋
果倍甜儿•鲜榨果汁(伊势丹店),3.9,4,,滨江道,茶饮果汁
肯德基甜品站(劝业场店),3.9,15,,和平路,冰淇淋
伏小桃(和平大悦城店),3.8,8,,滨江道,茶饮果汁
蜜雪冰城(新天地店),3.8,4,,海光寺/六里台,茶饮果汁
茶米茶(恒隆广场店),3.8,27,21,滨江道,茶饮果汁
蜜菓My girl,3.8,242,13,和平路,茶饮果汁
奈冰乐奶茶·刨冰·冰淇淋,3.8,31,,西康路沿线,茶饮果汁
冰期果吧(南开大悦城店),3.8,114,22,南市,茶饮果汁
贡茶(天津大学店),3.8,33,18,南开大学/八里台,茶饮果汁
元祥鸿记老味花茶(贵阳路店),3.7,2,,鞍山道沿线,饮品店
蜜雪冰城(西康路店),3.7,45,7,西康路沿线,茶饮果汁
美肴冰品(西康路店),3.7,60,17,西康路沿线,冰淇淋
新联冷食批发(宜昌道菜市场店),3.8,20,10,西康路沿线,冰淇淋
嘿糖鲜奶茶饮,3.8,28,14,小白楼,茶饮果汁
肯德基甜品站(乐宾百货店),3.8,34,13,滨江道,冰淇淋
麦·酒,3.8,11,,五大道,饮品店
姐弟鲜果刨冰,3.8,8,,西康路沿线,冰淇淋
牧场能量,3.7,3,,滨江道,茶饮果汁
1点点(万德庄店),3.7,201,16,海光寺/六里台,茶饮果汁
台式手摇茶(海信广场店),3.7,17,,小白楼,茶饮果汁
不眠海Sober Hi(万科都市花园店),3.7,3,,西康路沿线,饮品店
不眠海Sober Hi(赛顿店),3.7,4,,西康路沿线,饮品店
二梦家●水果捞●果切●奶茶,3.7,2,,海光寺/六里台,茶饮果汁
不眠海 Sober Hi(西宁道35号店),3.7,1,,鞍山道沿线,饮品店
dairy fairy,3.6,5,,和平路,冰淇淋
需要茶(万德庄店),3.6,17,12,和平路,茶饮果汁
玖·9tea,3.6,137,11,滨江道,茶饮果汁
刨大人冰品(万全道店),3.6,2,,鞍山道沿线,冰淇淋
美肴冰品(食品街店),3.6,4,,南市,冰淇淋
维果部落(滨江道店),3.6,8,,和平路,茶饮果汁
胖胖刨冰,3.6,8,,海光寺/六里台,冰淇淋
MY.girl蜜菓(玖号网咖店),3.6,8,,南市,茶饮果汁
抹茶铺,3.5,4,,和平路,饮品店
不眠海Sober Hi(津湾广场1号楼店),3.5,1,,和平路,饮品店
鲜果时间(国际商场店),3.5,6,,滨江道,茶饮果汁
帕普拉朵冰淇淋,3.5,5,,和平路,冰淇淋
不眠海 Sober Hi(万通商务中心店),3.5,1,,小白楼,饮品店
吾沏(八里台小吃街店),3.5,2,,南开大学/八里台,茶饮果汁
肯德基甜品站(南京路店),3.5,17,,五大道,冰淇淋
le scoop,3.5,6,,和平路,冰淇淋
献杰水吧,3.5,8,,滨江道,茶饮果汁
贤华奶站,3.5,2,,滨江道,茶饮果汁
俄式手工冰淇淋,3.5,1,,和平路,冰淇淋
一杯便知答案,3.5,3,,南开大学/八里台,茶饮果汁
冰ball,3.5,3,,和平路,冰淇淋
陌上饮品工坊(贵州路店),3.5,27,,五大道,茶饮果汁
致茶(南京路店),3.5,5,,海光寺/六里台,茶饮果汁
蜜菓,3.5,1,12,意大利风情区/火车站,茶饮果汁
61号庭院,3.5,4,,五大道,饮品店
鲜果时间(乐宾百货店),3.5,26,18,滨江道,茶饮果汁
洛宽庭,3.5,1,,五大道,茶饮果汁
鲜又多鲜果(绍兴道店),3.5,7,19,海光寺/六里台,茶饮果汁
一木果,3.5,5,,海光寺/六里台,茶饮果汁
手摇茶(世纪都会店),3.5,6,,滨江道,茶饮果汁
鲜果吧(海光寺店),3.5,1,,海光寺/六里台,茶饮果汁
天津老酸奶,3.5,3,,五大道,酸奶
鲜果吧(张自忠路店),3.5,1,,和平路,茶饮果汁
卜茶,3.5,5,,小白楼,茶饮果汁
果糬恋,3.5,1,,滨江道,茶饮果汁
鲜时光城市茶饮,3.5,2,,南开大学/八里台,茶饮果汁
小梅来野,3.6,11,,海光寺/六里台,零食
冲鸭,3.6,1,,南市,卤味鸭脖
老王菜店,3.6,1,,海光寺/六里台,生鲜
百分之29,3.6,7,,南市,水果店
优优稻香,3.5,3,,和平路,快餐简餐
小闫水果店,3.6,2,,海光寺/六里台,水果店
丸来玩趣(858城市广场店),3.6,23,9,滨江道,小吃快餐
AHA鲍汁焖鸡,3.5,6,,和平路,焖锅
酱肉酱菜,3.5,1,,滨江道,熟食熏酱
甜品站,3.5,3,,鞍山道沿线,冰淇淋
五口酱牛肉(卫津路店),3.5,3,,南开大学/八里台,津味小吃
天津市和平刚莉刚小吃店,3.5,4,,和平路,小吃
雨润专卖,3.5,2,,南开大学/八里台,生鲜
便民菜店,3.5,1,,西康路沿线,生鲜
天串,3.5,2,,鞍山道沿线,烤串
雨轩旺早餐煎饼果子·正宗绿豆煎饼,3.5,1,,海光寺/六里台,快餐简餐
禾丰香锅板烧烤肉,3.5,2,,鞍山道沿线,快餐简餐
在一起·茶时光,3.5,1,,海光寺/六里台,茶饮果汁
嘴把势,3.5,2,,和平路,天津菜
taibeiwei,3.5,2,,五大道,其他美食
二嫂子炸串,3.5,1,,海光寺/六里台,小吃
兴泰面馆,3.5,1,,海光寺/六里台,面馆
张吉记小碗菜(玉泉路店),3.5,7,,海光寺/六里台,快餐简餐
bb鸡,3.5,3,,滨江道,快餐简餐
黄小锤快餐(天大南大店),3.5,1,,南开大学/八里台,快餐简餐
美伊の零食铺,3.5,3,,鞍山道沿线,零食
瑞春烟酒副食,3.5,2,,西康路沿线,更多食品保健
好街坊煎饼,3.5,2,,海光寺/六里台,快餐简餐
路路餐厅,3.5,3,,和平路,快餐简餐
永和里,3.5,3,,和平路,快餐简餐
惠轩菜馆,3.5,6,,海光寺/六里台,其他美食
中意·麻辣烫,3.5,4,,和平路,麻辣烫
正源金.五谷坊,3.5,4,,海光寺/六里台,快餐简餐
不二刨冰,3.5,2,,西康路沿线,冰淇淋
门对门烧饼店,3.5,1,,西康路沿线,小吃
双皮奶,3.5,4,,五大道,甜品
伦特微国际体重管理中心(金桥国际店),3.5,1,,五大道,饮品店
少帅(纪念手册),3.5,1,,和平路,特色菜
小黄炒货,3.5,1,,小白楼,栗子/干果
菜老包(天津绵阳道菜市场店),3.5,2,,海光寺/六里台,快餐简餐
牛肉饼水饺,3.5,4,,海光寺/六里台,饺子
二厂国顺酱货(万德庄菜市场),3.5,1,,海光寺/六里台,熟食熏酱
榴莲密码,3.5,3,,五大道,甜品
顺福粮油店,3.5,1,,鞍山道沿线,生鲜
蟹褀汇阳澄湖大闸蟹,3.5,1,,南市,大闸蟹
寳岛纪台式品质美食外送,3.5,3,,五大道,快餐简餐
肉联厂直销,3.5,1,,海光寺/六里台,生鲜
欢喜便当,3.5,1,,西康路沿线,快餐简餐
石老磨煎饼坊(同安道店),3.5,4,,西康路沿线,快餐简餐
面霸烧串,3.5,2,,海光寺/六里台,烤串
比淇尔,3.5,1,,和平路,其他美食
朋友圈好滋味,3.5,2,,小白楼,快餐简餐
本溪水洞鸡汤豆皮,3.5,1,,和平路,小吃快餐
啥斗囿食品杂货铺(广善大街店),3.5,6,,南市,零食
水果超市,3.5,1,,海光寺/六里台,水果店
肉夹膜米线,3.5,3,,鞍山道沿线,快餐简餐
老四平价水果店(宜昌店),3.5,1,,西康路沿线,水果店
陈先生的水果店(紫阳路店),3.5,1,,海光寺/六里台,水果店
怪兽小巴炒饭(和平店),3.5,3,,滨江道,快餐简餐
友缘餐厅,3.5,2,,海光寺/六里台,天津菜
三弟蔬菜,3.5,1,,海光寺/六里台,水果生鲜
一九二班招牌烤薯,3.5,1,,南市,快餐简餐
蔬果园(和平店),3.5,1,,海光寺/六里台,水果店
鲜货店,3.5,2,,南开大学/八里台,生鲜
健康快车,3.5,2,,和平路,快餐简餐
八块八餐饮,3.5,1,,五大道,快餐简餐
老妈饺子,3.5,1,,鞍山道沿线,饺子
平和时代餐饮,3.5,1,,滨江道,快餐简餐
明玉水果烟酒超市,3.5,2,,海光寺/六里台,水果店
吉丽果餐饮店,3.5,1,,滨江道,快餐简餐
水煮飘香,3.5,1,,海光寺/六里台,快餐简餐
壹桥大连海参,3.5,,,小白楼,更多食品保健
重庆小面(津塔写字楼店),3.4,1,,鞍山道沿线,面馆
美莹食品,3.4,4,,西康路沿线,快餐简餐
金鑫拉面,3.4,42,14,五大道,面馆
津鲁餐厅,3.2,18,45,南市,鲁菜
韩国小吃,3.2,17,32,滨江道,韩式小吃
山西美食(百货大楼店),3.3,5,,和平路,小吃
隆江猪脚饭·香港烧鹅汤粉面,3.4,1,,和平路,快餐简餐
江南家小碗菜(南开店),3.4,15,,南市,快餐简餐
蟹之尊阳澄红膏闸蟹(食品街店),3.4,,,南市,大闸蟹
连祥百姓菜馆,3.4,5,,和平路,天津菜
木桑森林,3.4,2,,海光寺/六里台,素食
上海米线,3.4,6,,滨江道,米线
馋三胖·脆皮五花肉,3.2,12,,滨江道,拉美烤肉
联合力量共享厨房(万达和平店),3.4,1,,和平路,快餐简餐
荣盛源食府(南市食品街店),3.0,181,59,南市,天津菜
知味斋(爆肚店),3.4,9,,南市,小吃
麻辣烤串,3.4,1,,滨江道,烤串
王中王面筋先生,3.4,6,,滨江道,烤串
牛小蛙在天津(南开店),3.4,6,,南市,烤串
东北兄弟烧烤,3.3,4,,海光寺/六里台,烤串
八戒烤猪蹄,3.4,9,,滨江道,小吃快餐
老姑煎饼果子,3.4,5,,五大道,快餐简餐
6元牛排板面麻辣面,3.2,107,21,海光寺/六里台,面馆
状元桥过桥米线(诚基中心店),3.4,48,16,五大道,米线
华莱士(宜昌道店),3.3,21,,西康路沿线,西式快餐
金鑫牛肉拉面牛肉板面,3.3,8,,鞍山道沿线,面馆
隆禧小厨(滨江凯隆酒店店),3.4,218,127,小白楼,自助餐
优秀先生的私房便当,3.4,4,,西康路沿线,日式简餐/快餐
小马羊杂碎,3.3,23,,西康路沿线,小吃
老北京卤煮火烧,3.4,3,,南开大学/八里台,快餐简餐
梅你不渴(天河城店),3.4,93,83,和平路,零食
wowwoo熊霸(伊势丹店),3.0,22,29,滨江道,小吃
平山道奶站,3.2,17,,西康路沿线,更多食品保健
便利蜂咖啡(津湾广场1号楼店),3.4,2,,和平路,咖啡厅
刘师傅脆皮五花肉,3.3,19,31,滨江道,融合烤肉
兰州牛肉拉面(和平路店),3.4,4,,和平路,面馆
和平餐厅,3.4,6,51,和平路,西餐
通艾德牛扒(858城市广场店),3.4,1,,滨江道,牛排
优意客比萨,3.4,3,,五大道,比萨
拉屋优超市(滨江道店),3.3,23,,滨江道,西餐
大雅铁板烧,3.4,54,296,小白楼,日本料理
纤鮨寿司,3.2,12,,五大道,寿司
小李烧鸡(八里台店),3.4,23,57,西康路沿线,烧鸡
联合力量共享厨房,3.4,6,,海光寺/六里台,快餐简餐
佬农王•生态稻花饭(万达店),3.4,1,,南市,快餐简餐
茶缸饭,3.4,,,鞍山道沿线,快餐简餐
符离集老汤烧鸡,3.4,1,,海光寺/六里台,烧鸡
鸡蛋灌饼烧饼里脊(玉泉路店),3.4,2,,海光寺/六里台,小吃
花饭一味,3.4,,,小白楼,快餐简餐
台湾卤肉饭,3.4,298,18,和平路,快餐简餐
犟骨头,3.4,2,,海光寺/六里台,快餐简餐
谷得煎饼,3.4,1,,小白楼,快餐简餐
亓记快餐,3.4,7,,小白楼,快餐简餐
老古熏酱,3.4,,,海光寺/六里台,熟食熏酱
致青春老饭盒(和平店),3.4,12,21,鞍山道沿线,快餐简餐
大津城麻花,3.4,1,,和平路,津味小吃
冰粉清补凉,3.4,,,五大道,快餐简餐
清真大饼(玉泉路店),3.4,1,,海光寺/六里台,快餐简餐
解姐煎饼,3.4,1,,海光寺/六里台,快餐简餐
德州扒鸡,3.4,1,,和平路,熟食熏酱
树发陈家快餐(友谊新天地店),3.4,1,,滨江道,快餐简餐
悠乐梅,3.4,8,,小白楼,小吃
老妈烫饭(快乐星厨店),3.4,1,,海光寺/六里台,快餐简餐
起来顺特色炸鸡,3.4,1,,五大道,炸鸡炸串
肉卷爱上水爆肚(民园店),3.4,,,五大道,快餐简餐
大食代(津汇广场店),3.4,3,38,滨江道,快餐简餐
李记烧鸡(绵阳道店),3.4,1,38,五大道,烧鸡
老味熏骨酱肉(新兴路店),3.4,1,,海光寺/六里台,快餐简餐
大饼鸡蛋煎饼果子手抓饼,3.4,1,,小白楼,快餐简餐
老俩口水饺馆,3.4,2,,海光寺/六里台,饺子
津味小厨水饺,3.4,2,,南开大学/八里台,饺子
湘遇辣不怕开胃爆炒(共享厨房万达广场店),3.4,6,,和平路,快餐简餐
武安熏肉锅盔,3.4,1,,鞍山道沿线,小吃快餐
桂发祥十八街麻花,3.4,,,和平路,津味小吃
诚基过桥米线黄焖鸡,3.4,4,,五大道,黄焖鸡
津香缘过桥米线,3.4,1,,小白楼,米线
西安凉皮麻辣烫,3.4,1,,和平路,麻辣烫
心品味黄焖鸡米饭,3.4,4,,和平路,黄焖鸡
小李烧鸡(海光寺店),3.4,102,30,南市,烧鸡
天宝楼(兰州道店),3.4,32,41,鞍山道沿线,熟食熏酱
杭州小笼包(滨江道店),3.4,9,,和平路,包子
西北角牛肉饭,3.4,2,,南市,快餐简餐
九九鸭脖,3.4,8,,鞍山道沿线,熟食熏酱
胡椒小姐板烧厨房(千百味美食城店),3.4,1,,南市,快餐简餐
大食代(天津万达店),3.4,1630,28,和平路,快餐简餐
皮糖张,3.4,9,,南市,津味小吃
牛肉面犟骨饭,3.4,3,,海光寺/六里台,快餐简餐
美肴祥云锅贴水饺,3.4,45,18,西康路沿线,饺子
朝鲜小菜,3.4,1,,海光寺/六里台,快餐简餐
小李烧鸡,3.4,1,,小白楼,烧鸡
阿力云南过桥米线,3.4,14,16,小白楼,米线
鑫福源餐厅,3.4,4,,滨江道,快餐简餐
云南大理寺过桥米线,3.4,1,20,滨江道,米线
秦乡凉皮凉面(亚惠美食广场津汇店),3.4,1,,滨江道,小吃
食客包子铺,3.4,10,,海光寺/六里台,包子
重庆•龙虾爆肚粉丝汤(和平店),3.4,1,,和平路,快餐简餐
天津市和平区河北路134号桂林米粉,3.4,8,,滨江道,桂林米粉
糯米果,3.4,3,,滨江道,快餐简餐
杭州小笼包黄焖鸡米饭(张自忠路),3.4,8,,和平路,包子
三尺馀姑奶奶煎饼果子,3.4,2,,海光寺/六里台,快餐简餐
7个堡炙烤牛肉汉堡(和平店),3.3,2,,小白楼,西式快餐
堡美味,3.3,17,15,西康路沿线,西式快餐
原味小陈烧鸡,3.3,7,,西康路沿线,烧鸡
